month,state,killed,injured
31-Aug-,Alabama,0,2
10-Jun-,Alabama,0,1
25-Mar-,Alabama,0,1
10-Mar-,Alabama,0,2
7-Mar-01,Alabama,1,2
12-Feb-,Alabama,0,2
27-Dec-,Alabama,0,1
19-Nov-,Alabama,0,1
26-Jun-,Alabama,1,1
3-Apr-01,Alabama,0,1
11-Jul-,Alabama,0,1
27-Jan-,Alabama,0,1
8-Dec-01,Alabama,0,1
12-Nov-,Alabama,0,1
10-Oct-,Alabama,0,1
2-Oct-01,Alabama,0,1
21-Sep-,Alabama,0,1
30-Jul-,Alabama,0,1
17-Feb-,Alabama,0,1
14-Dec-,Alabama,0,1
2018-09,Alabama,,
2018-08,Alabama,,
2018-07,Alabama,,
2018-06,Alabama,,
2018-05,Alabama,,
2018-04,Alabama,,
2018-03,Alabama,,
2018-02,Alabama,,
2018-01,Alabama,,
2017-12,Alabama,,
2017-11,Alabama,,
2017-10,Alabama,,
2017-09,Alabama,,
2017-08,Alabama,,
2017-07,Alabama,,
2017-06,Alabama,,
2017-05,Alabama,,
2017-04,Alabama,,
2017-03,Alabama,,
2017-02,Alabama,,
2017-01,Alabama,,
2016-12,Alabama,,
2016-11,Alabama,,
2016-10,Alabama,,
2016-09,Alabama,,
2016-08,Alabama,,
2016-07,Alabama,,
2016-06,Alabama,,
2016-05,Alabama,,
2016-04,Alabama,,
2016-03,Alabama,,
2016-02,Alabama,,
2016-01,Alabama,,
2015-12,Alabama,,
2015-11,Alabama,,
2015-10,Alabama,,
2015-09,Alabama,,
2015-08,Alabama,,
2015-07,Alabama,,
2015-06,Alabama,,
2015-05,Alabama,,
2015-04,Alabama,,
2015-03,Alabama,,
2015-02,Alabama,,
2015-01,Alabama,,
2014-12,Alabama,,
2014-11,Alabama,,
22-Apr-,Alaska,0,1
21-Jan-,Alaska,0,1
22-Aug-,Alaska,0,1
13-Aug-,Alaska,0,1
20-Mar-,Alaska,0,1
5-Jan-01,Alaska,0,2
2018-09,Alaska,,
2018-08,Alaska,,
2018-07,Alaska,,
2018-06,Alaska,,
2018-05,Alaska,,
2018-04,Alaska,,
2018-03,Alaska,,
2018-02,Alaska,,
2018-01,Alaska,,
2017-12,Alaska,,
2017-11,Alaska,,
2017-10,Alaska,,
2017-09,Alaska,,
2017-08,Alaska,,
2017-07,Alaska,,
2017-06,Alaska,,
2017-05,Alaska,,
2017-04,Alaska,,
2017-03,Alaska,,
2017-02,Alaska,,
2017-01,Alaska,,
2016-12,Alaska,,
2016-11,Alaska,,
2016-10,Alaska,,
2016-09,Alaska,,
2016-08,Alaska,,
2016-07,Alaska,,
2016-06,Alaska,,
2016-05,Alaska,,
2016-04,Alaska,,
2016-03,Alaska,,
2016-02,Alaska,,
2016-01,Alaska,,
2015-12,Alaska,,
2015-11,Alaska,,
2015-10,Alaska,,
2015-09,Alaska,,
2015-08,Alaska,,
2015-07,Alaska,,
2015-06,Alaska,,
2015-05,Alaska,,
2015-04,Alaska,,
2015-03,Alaska,,
2015-02,Alaska,,
2015-01,Alaska,,
2014-12,Alaska,,
2014-11,Alaska,,
17-Mar-,Arizona,0,1
13-Nov-,Arizona,0,1
15-Aug-,Arizona,0,1
28-Jun-,Arizona,0,1
23-Jan-,Arizona,0,1
27-Dec-,Arizona,0,1
5-Nov-01,Arizona,0,1
17-Oct-,Arizona,0,1
12-Oct-,Arizona,0,2
27-Feb-,Arizona,0,2
21-Feb-,Arizona,0,1
18-Feb-,Arizona,0,1
18-Jan-,Arizona,0,1
28-Nov-,Arizona,0,1
25-Oct-,Arizona,0,1
26-Mar-,Arizona,0,1
17-Feb-,Arizona,0,1
2018-09,Arizona,,
2018-08,Arizona,,
2018-07,Arizona,,
2018-06,Arizona,,
2018-05,Arizona,,
2018-04,Arizona,,
2018-03,Arizona,,
2018-02,Arizona,,
2018-01,Arizona,,
2017-12,Arizona,,
2017-11,Arizona,,
2017-10,Arizona,,
2017-09,Arizona,,
2017-08,Arizona,,
2017-07,Arizona,,
2017-06,Arizona,,
2017-05,Arizona,,
2017-04,Arizona,,
2017-03,Arizona,,
2017-02,Arizona,,
2017-01,Arizona,,
2016-12,Arizona,,
2016-11,Arizona,,
2016-10,Arizona,,
2016-09,Arizona,,
2016-08,Arizona,,
2016-07,Arizona,,
2016-06,Arizona,,
2016-05,Arizona,,
2016-04,Arizona,,
2016-03,Arizona,,
2016-02,Arizona,,
2016-01,Arizona,,
2015-12,Arizona,,
2015-11,Arizona,,
2015-10,Arizona,,
2015-09,Arizona,,
2015-08,Arizona,,
2015-07,Arizona,,
2015-06,Arizona,,
2015-05,Arizona,,
2015-04,Arizona,,
2015-03,Arizona,,
2015-02,Arizona,,
2015-01,Arizona,,
2014-12,Arizona,,
2014-11,Arizona,,
8-Sep-01,Arkansas,0,1
14-Feb-,Arkansas,0,1
17-Jan-,Arkansas,0,1
14-Jan-,Arkansas,0,1
14-Oct-,Arkansas,0,1
2-Jul-01,Arkansas,0,2
15-Mar-,Arkansas,0,2
10-Mar-,Arkansas,0,2
2-Mar-01,Arkansas,0,1
24-Feb-,Arkansas,0,1
10-Apr-,Arkansas,0,1
13-Jan-,Arkansas,0,1
30-Jul-,Arkansas,0,1
24-Jun-,Arkansas,0,1
2-Dec-01,Arkansas,0,1
2018-09,Arkansas,,
2018-08,Arkansas,,
2018-07,Arkansas,,
2018-06,Arkansas,,
2018-05,Arkansas,,
2018-04,Arkansas,,
2018-03,Arkansas,,
2018-02,Arkansas,,
2018-01,Arkansas,,
2017-12,Arkansas,,
2017-11,Arkansas,,
2017-10,Arkansas,,
2017-09,Arkansas,,
2017-08,Arkansas,,
2017-07,Arkansas,,
2017-06,Arkansas,,
2017-05,Arkansas,,
2017-04,Arkansas,,
2017-03,Arkansas,,
2017-02,Arkansas,,
2017-01,Arkansas,,
2016-12,Arkansas,,
2016-11,Arkansas,,
2016-10,Arkansas,,
2016-09,Arkansas,,
2016-08,Arkansas,,
2016-07,Arkansas,,
2016-06,Arkansas,,
2016-05,Arkansas,,
2016-04,Arkansas,,
2016-03,Arkansas,,
2016-02,Arkansas,,
2016-01,Arkansas,,
2015-12,Arkansas,,
2015-11,Arkansas,,
2015-10,Arkansas,,
2015-09,Arkansas,,
2015-08,Arkansas,,
2015-07,Arkansas,,
2015-06,Arkansas,,
2015-05,Arkansas,,
2015-04,Arkansas,,
2015-03,Arkansas,,
2015-02,Arkansas,,
2015-01,Arkansas,,
2014-12,Arkansas,,
2014-11,Arkansas,,
10-Sep-,California,0,1
16-Aug-,California,0,1
15-Jun-,California,0,1
29-Apr-,California,0,1
30-Mar-,California,0,1
13-Mar-,California,0,1
1-Feb-01,California,0,2
14-Dec-,California,0,1
23-Jul-,California,0,2
18-Jun-,California,0,1
12-Apr-,California,0,1
29-Mar-,California,0,1
27-Mar-,California,0,1
26-Mar-,California,0,1
22-Feb-,California,0,1
12-Feb-,California,0,1
28-Nov-,California,0,1
15-Sep-,California,0,1
10-Apr-,California,0,2
5-Apr-01,California,0,1
28-Dec-,California,0,1
27-Dec-,California,0,1
23-Dec-,California,0,1
5-Dec-01,California,0,1
7-Oct-01,California,0,1
19-Aug-,California,0,1
26-Jun-,California,0,1
28-May-,California,0,1
4-May-01,California,0,1
2-May-01,California,0,2
6-Mar-01,California,0,1
5-Mar-01,California,0,1
14-Feb-,California,0,1
18-Jan-,California,0,1
2018-09,California,,
2018-08,California,,
2018-07,California,,
2018-06,California,,
2018-05,California,,
2018-04,California,,
2018-03,California,,
2018-02,California,,
2018-01,California,,
2017-12,California,,
2017-11,California,,
2017-10,California,,
2017-09,California,,
2017-08,California,,
2017-07,California,,
2017-06,California,,
2017-05,California,,
2017-04,California,,
2017-03,California,,
2017-02,California,,
2017-01,California,,
2016-12,California,,
2016-11,California,,
2016-10,California,,
2016-09,California,,
2016-08,California,,
2016-07,California,,
2016-06,California,,
2016-05,California,,
2016-04,California,,
2016-03,California,,
2016-02,California,,
2016-01,California,,
2015-12,California,,
2015-11,California,,
2015-10,California,,
2015-09,California,,
2015-08,California,,
2015-07,California,,
2015-06,California,,
2015-05,California,,
2015-04,California,,
2015-03,California,,
2015-02,California,,
2015-01,California,,
2014-12,California,,
2014-11,California,,
26-Jun-,Colorado,0,1
8-Jan-01,Colorado,0,1
30-Oct-,Colorado,0,1
2-Sep-01,Colorado,0,1
11-Aug-,Colorado,0,1
26-May-,Colorado,0,1
18-Mar-,Colorado,0,1
31-Aug-,Colorado,0,1
14-Jul-,Colorado,0,1
10-Apr-,Colorado,0,1
21-Jan-,Colorado,0,1
9-Jul-01,Colorado,0,1
2018-09,Colorado,,
2018-08,Colorado,,
2018-07,Colorado,,
2018-06,Colorado,,
2018-05,Colorado,,
2018-04,Colorado,,
2018-03,Colorado,,
2018-02,Colorado,,
2018-01,Colorado,,
2017-12,Colorado,,
2017-11,Colorado,,
2017-10,Colorado,,
2017-09,Colorado,,
2017-08,Colorado,,
2017-07,Colorado,,
2017-06,Colorado,,
2017-05,Colorado,,
2017-04,Colorado,,
2017-03,Colorado,,
2017-02,Colorado,,
2017-01,Colorado,,
2016-12,Colorado,,
2016-11,Colorado,,
2016-10,Colorado,,
2016-09,Colorado,,
2016-08,Colorado,,
2016-07,Colorado,,
2016-06,Colorado,,
2016-05,Colorado,,
2016-04,Colorado,,
2016-03,Colorado,,
2016-02,Colorado,,
2016-01,Colorado,,
2015-12,Colorado,,
2015-11,Colorado,,
2015-10,Colorado,,
2015-09,Colorado,,
2015-08,Colorado,,
2015-07,Colorado,,
2015-06,Colorado,,
2015-05,Colorado,,
2015-04,Colorado,,
2015-03,Colorado,,
2015-02,Colorado,,
2015-01,Colorado,,
2014-12,Colorado,,
2014-11,Colorado,,
4-Jul-01,Connecticut,0,1
29-Sep-,Connecticut,0,1
28-Jan-,Connecticut,0,1
25-Nov-,Connecticut,0,1
10-Nov-,Connecticut,0,1
2018-09,Connecticut,,
2018-08,Connecticut,,
2018-07,Connecticut,,
2018-06,Connecticut,,
2018-05,Connecticut,,
2018-04,Connecticut,,
2018-03,Connecticut,,
2018-02,Connecticut,,
2018-01,Connecticut,,
2017-12,Connecticut,,
2017-11,Connecticut,,
2017-10,Connecticut,,
2017-09,Connecticut,,
2017-08,Connecticut,,
2017-07,Connecticut,,
2017-06,Connecticut,,
2017-05,Connecticut,,
2017-04,Connecticut,,
2017-03,Connecticut,,
2017-02,Connecticut,,
2017-01,Connecticut,,
2016-12,Connecticut,,
2016-11,Connecticut,,
2016-10,Connecticut,,
2016-09,Connecticut,,
2016-08,Connecticut,,
2016-07,Connecticut,,
2016-06,Connecticut,,
2016-05,Connecticut,,
2016-04,Connecticut,,
2016-03,Connecticut,,
2016-02,Connecticut,,
2016-01,Connecticut,,
2015-12,Connecticut,,
2015-11,Connecticut,,
2015-10,Connecticut,,
2015-09,Connecticut,,
2015-08,Connecticut,,
2015-07,Connecticut,,
2015-06,Connecticut,,
2015-05,Connecticut,,
2015-04,Connecticut,,
2015-03,Connecticut,,
2015-02,Connecticut,,
2015-01,Connecticut,,
2014-12,Connecticut,,
2014-11,Connecticut,,
9-Oct-01,Delaware,0,1
14-Jun-,Delaware,0,1
2-Jun-01,Delaware,0,1
19-Mar-,Delaware,0,1
2018-09,Delaware,,
2018-08,Delaware,,
2018-07,Delaware,,
2018-06,Delaware,,
2018-05,Delaware,,
2018-04,Delaware,,
2018-03,Delaware,,
2018-02,Delaware,,
2018-01,Delaware,,
2017-12,Delaware,,
2017-11,Delaware,,
2017-10,Delaware,,
2017-09,Delaware,,
2017-08,Delaware,,
2017-07,Delaware,,
2017-06,Delaware,,
2017-05,Delaware,,
2017-04,Delaware,,
2017-03,Delaware,,
2017-02,Delaware,,
2017-01,Delaware,,
2016-12,Delaware,,
2016-11,Delaware,,
2016-10,Delaware,,
2016-09,Delaware,,
2016-08,Delaware,,
2016-07,Delaware,,
2016-06,Delaware,,
2016-05,Delaware,,
2016-04,Delaware,,
2016-03,Delaware,,
2016-02,Delaware,,
2016-01,Delaware,,
2015-12,Delaware,,
2015-11,Delaware,,
2015-10,Delaware,,
2015-09,Delaware,,
2015-08,Delaware,,
2015-07,Delaware,,
2015-06,Delaware,,
2015-05,Delaware,,
2015-04,Delaware,,
2015-03,Delaware,,
2015-02,Delaware,,
2015-01,Delaware,,
2014-12,Delaware,,
2014-11,Delaware,,
6-Apr-01,District of Columbia,0,1
2018-09,District of Columbia,,
2018-08,District of Columbia,,
2018-07,District of Columbia,,
2018-06,District of Columbia,,
2018-05,District of Columbia,,
2018-04,District of Columbia,,
2018-03,District of Columbia,,
2018-02,District of Columbia,,
2018-01,District of Columbia,,
2017-12,District of Columbia,,
2017-11,District of Columbia,,
2017-10,District of Columbia,,
2017-09,District of Columbia,,
2017-08,District of Columbia,,
2017-07,District of Columbia,,
2017-06,District of Columbia,,
2017-05,District of Columbia,,
2017-04,District of Columbia,,
2017-03,District of Columbia,,
2017-02,District of Columbia,,
2017-01,District of Columbia,,
2016-12,District of Columbia,,
2016-11,District of Columbia,,
2016-10,District of Columbia,,
2016-09,District of Columbia,,
2016-08,District of Columbia,,
2016-07,District of Columbia,,
2016-06,District of Columbia,,
2016-05,District of Columbia,,
2016-04,District of Columbia,,
2016-03,District of Columbia,,
2016-02,District of Columbia,,
2016-01,District of Columbia,,
2015-12,District of Columbia,,
2015-11,District of Columbia,,
2015-10,District of Columbia,,
2015-09,District of Columbia,,
2015-08,District of Columbia,,
2015-07,District of Columbia,,
2015-06,District of Columbia,,
2015-05,District of Columbia,,
2015-04,District of Columbia,,
2015-03,District of Columbia,,
2015-02,District of Columbia,,
2015-01,District of Columbia,,
2014-12,District of Columbia,,
2014-11,District of Columbia,,
17-Sep-,Florida,0,1
26-Jul-,Florida,0,1
14-Jul-,Florida,0,2
7-Jun-01,Florida,0,1
25-May-,Florida,0,1
29-Apr-,Florida,0,1
22-Apr-,Florida,0,3
24-Jan-,Florida,0,1
15-Jan-,Florida,0,1
11-Jan-,Florida,0,1
6-Jan-01,Florida,0,1
29-Oct-,Florida,0,1
11-Oct-,Florida,0,1
30-Sep-,Florida,0,1
22-Sep-,Florida,0,1
31-Aug-,Florida,0,1
8-Aug-01,Florida,0,1
6-Aug-01,Florida,0,1
7-Jul-01,Florida,0,1
21-May-,Florida,0,1
4-May-01,Florida,0,1
2-May-01,Florida,0,1
21-Mar-,Florida,0,1
13-Feb-,Florida,0,1
14-Jan-,Florida,0,1
17-Dec-,Florida,0,1
4-Dec-01,Florida,0,1
26-Oct-,Florida,0,1
4-Oct-01,Florida,0,1
21-Jul-,Florida,0,1
9-Jul-01,Florida,0,1
6-Jul-01,Florida,0,1
30-Jun-,Florida,0,1
8-Jun-01,Florida,0,1
1-Jun-01,Florida,0,1
21-Apr-,Florida,0,1
30-Mar-,Florida,0,1
12-Mar-,Florida,0,6
8-Mar-01,Florida,0,1
29-Feb-,Florida,0,1
7-Feb-01,Florida,0,1
28-Jan-,Florida,0,1
25-Oct-,Florida,0,2
19-Oct-,Florida,0,1
11-Sep-,Florida,0,1
6-Sep-01,Florida,0,1
1-Sep-01,Florida,0,1
2-Aug-01,Florida,0,1
16-Jun-,Florida,0,1
14-May-,Florida,0,1
23-Feb-,Florida,0,1
23-Jan-,Florida,0,1
6-Dec-01,Florida,0,1
24-Nov-,Florida,0,1
2018-09,Florida,,
2018-08,Florida,,
2018-07,Florida,,
2018-06,Florida,,
2018-05,Florida,,
2018-04,Florida,,
2018-03,Florida,,
2018-02,Florida,,
2018-01,Florida,,
2017-12,Florida,,
2017-11,Florida,,
2017-10,Florida,,
2017-09,Florida,,
2017-08,Florida,,
2017-07,Florida,,
2017-06,Florida,,
2017-05,Florida,,
2017-04,Florida,,
2017-03,Florida,,
2017-02,Florida,,
2017-01,Florida,,
2016-12,Florida,,
2016-11,Florida,,
2016-10,Florida,,
2016-09,Florida,,
2016-08,Florida,,
2016-07,Florida,,
2016-06,Florida,,
2016-05,Florida,,
2016-04,Florida,,
2016-03,Florida,,
2016-02,Florida,,
2016-01,Florida,,
2015-12,Florida,,
2015-11,Florida,,
2015-10,Florida,,
2015-09,Florida,,
2015-08,Florida,,
2015-07,Florida,,
2015-06,Florida,,
2015-05,Florida,,
2015-04,Florida,,
2015-03,Florida,,
2015-02,Florida,,
2015-01,Florida,,
2014-12,Florida,,
2014-11,Florida,,
28-Sep-,Georgia,0,1
15-Jul-,Georgia,0,2
12-Jul-,Georgia,0,1
3-Jul-01,Georgia,1,1
12-Jun-,Georgia,0,1
6-Jun-01,Georgia,0,1
29-Dec-,Georgia,0,1
22-Nov-,Georgia,0,1
21-Nov-,Georgia,0,1
12-Nov-,Georgia,0,2
9-Nov-01,Georgia,0,2
17-Sep-,Georgia,0,1
1-Sep-01,Georgia,0,1
25-Aug-,Georgia,0,1
21-Aug-,Georgia,0,1
6-Jul-01,Georgia,0,1
26-Apr-,Georgia,0,1
1-Jan-01,Georgia,0,2
5-Nov-01,Georgia,0,1
26-Sep-,Georgia,0,1
16-Sep-,Georgia,0,1
28-Aug-,Georgia,0,1
25-May-,Georgia,0,2
24-Mar-,Georgia,0,1
18-Mar-,Georgia,0,1
16-Mar-,Georgia,0,1
29-Jan-,Georgia,0,1
20-Jan-,Georgia,0,1
17-Jan-,Georgia,0,1
16-Jan-,Georgia,0,1
22-Dec-,Georgia,0,1
19-Dec-,Georgia,0,1
28-Nov-,Georgia,0,1
22-Sep-,Georgia,0,1
21-Jun-,Georgia,0,1
27-Mar-,Georgia,0,1
27-Feb-,Georgia,0,1
2018-09,Georgia,,
2018-08,Georgia,,
2018-07,Georgia,,
2018-06,Georgia,,
2018-05,Georgia,,
2018-04,Georgia,,
2018-03,Georgia,,
2018-02,Georgia,,
2018-01,Georgia,,
2017-12,Georgia,,
2017-11,Georgia,,
2017-10,Georgia,,
2017-09,Georgia,,
2017-08,Georgia,,
2017-07,Georgia,,
2017-06,Georgia,,
2017-05,Georgia,,
2017-04,Georgia,,
2017-03,Georgia,,
2017-02,Georgia,,
2017-01,Georgia,,
2016-12,Georgia,,
2016-11,Georgia,,
2016-10,Georgia,,
2016-09,Georgia,,
2016-08,Georgia,,
2016-07,Georgia,,
2016-06,Georgia,,
2016-05,Georgia,,
2016-04,Georgia,,
2016-03,Georgia,,
2016-02,Georgia,,
2016-01,Georgia,,
2015-12,Georgia,,
2015-11,Georgia,,
2015-10,Georgia,,
2015-09,Georgia,,
2015-08,Georgia,,
2015-07,Georgia,,
2015-06,Georgia,,
2015-05,Georgia,,
2015-04,Georgia,,
2015-03,Georgia,,
2015-02,Georgia,,
2015-01,Georgia,,
2014-12,Georgia,,
2014-11,Georgia,,
2018-09,Guam,,
2018-08,Guam,,
2018-07,Guam,,
2018-06,Guam,,
2018-05,Guam,,
2018-04,Guam,,
2018-03,Guam,,
2018-02,Guam,,
2018-01,Guam,,
2017-12,Guam,,
2017-11,Guam,,
2017-10,Guam,,
2017-09,Guam,,
2017-08,Guam,,
2017-07,Guam,,
2017-06,Guam,,
2017-05,Guam,,
2017-04,Guam,,
2017-03,Guam,,
2017-02,Guam,,
2017-01,Guam,,
2016-12,Guam,,
2016-11,Guam,,
2016-10,Guam,,
2016-09,Guam,,
2016-08,Guam,,
2016-07,Guam,,
2016-06,Guam,,
2016-05,Guam,,
2016-04,Guam,,
2016-03,Guam,,
2016-02,Guam,,
2016-01,Guam,,
2015-12,Guam,,
2015-11,Guam,,
2015-10,Guam,,
2015-09,Guam,,
2015-08,Guam,,
2015-07,Guam,,
2015-06,Guam,,
2015-05,Guam,,
2015-04,Guam,,
2015-03,Guam,,
2015-02,Guam,,
2015-01,Guam,,
2014-12,Guam,,
2014-11,Guam,,
2018-09,Hawaii,,
2018-08,Hawaii,,
2018-07,Hawaii,,
2018-06,Hawaii,,
2018-05,Hawaii,,
2018-04,Hawaii,,
2018-03,Hawaii,,
2018-02,Hawaii,,
2018-01,Hawaii,,
2017-12,Hawaii,,
2017-11,Hawaii,,
2017-10,Hawaii,,
2017-09,Hawaii,,
2017-08,Hawaii,,
2017-07,Hawaii,,
2017-06,Hawaii,,
2017-05,Hawaii,,
2017-04,Hawaii,,
2017-03,Hawaii,,
2017-02,Hawaii,,
2017-01,Hawaii,,
2016-12,Hawaii,,
2016-11,Hawaii,,
2016-10,Hawaii,,
2016-09,Hawaii,,
2016-08,Hawaii,,
2016-07,Hawaii,,
2016-06,Hawaii,,
2016-05,Hawaii,,
2016-04,Hawaii,,
2016-03,Hawaii,,
2016-02,Hawaii,,
2016-01,Hawaii,,
2015-12,Hawaii,,
2015-11,Hawaii,,
2015-10,Hawaii,,
2015-09,Hawaii,,
2015-08,Hawaii,,
2015-07,Hawaii,,
2015-06,Hawaii,,
2015-05,Hawaii,,
2015-04,Hawaii,,
2015-03,Hawaii,,
2015-02,Hawaii,,
2015-01,Hawaii,,
2014-12,Hawaii,,
2014-11,Hawaii,,
22-Jun-,Idaho,0,1
12-Nov-,Idaho,0,2
21-Sep-,Idaho,0,1
2-Jul-01,Idaho,0,1
9-May-01,Idaho,0,1
18-Nov-,Idaho,0,1
21-Feb-,Idaho,0,1
21-Aug-,Idaho,0,1
2018-09,Idaho,,
2018-08,Idaho,,
2018-07,Idaho,,
2018-06,Idaho,,
2018-05,Idaho,,
2018-04,Idaho,,
2018-03,Idaho,,
2018-02,Idaho,,
2018-01,Idaho,,
2017-12,Idaho,,
2017-11,Idaho,,
2017-10,Idaho,,
2017-09,Idaho,,
2017-08,Idaho,,
2017-07,Idaho,,
2017-06,Idaho,,
2017-05,Idaho,,
2017-04,Idaho,,
2017-03,Idaho,,
2017-02,Idaho,,
2017-01,Idaho,,
2016-12,Idaho,,
2016-11,Idaho,,
2016-10,Idaho,,
2016-09,Idaho,,
2016-08,Idaho,,
2016-07,Idaho,,
2016-06,Idaho,,
2016-05,Idaho,,
2016-04,Idaho,,
2016-03,Idaho,,
2016-02,Idaho,,
2016-01,Idaho,,
2015-12,Idaho,,
2015-11,Idaho,,
2015-10,Idaho,,
2015-09,Idaho,,
2015-08,Idaho,,
2015-07,Idaho,,
2015-06,Idaho,,
2015-05,Idaho,,
2015-04,Idaho,,
2015-03,Idaho,,
2015-02,Idaho,,
2015-01,Idaho,,
2014-12,Idaho,,
2014-11,Idaho,,
28-Sep-,Illinois,0,1
25-Sep-,Illinois,0,1
18-Jun-,Illinois,0,1
12-Jun-,Illinois,0,0
17-Mar-,Illinois,0,2
2-Mar-01,Illinois,0,1
12-Feb-,Illinois,0,2
5-Feb-01,Illinois,0,1
8-Jan-01,Illinois,0,1
26-Oct-,Illinois,0,1
25-Oct-,Illinois,0,1
7-Oct-01,Illinois,0,1
19-Aug-,Illinois,0,1
30-Jun-,Illinois,0,1
28-Jun-,Illinois,0,1
2-Jun-01,Illinois,0,1
2-May-01,Illinois,0,1
29-Jan-,Illinois,0,1
29-Dec-,Illinois,0,3
7-Dec-01,Illinois,0,1
27-Nov-,Illinois,0,1
19-Nov-,Illinois,0,1
14-Oct-,Illinois,0,1
11-Oct-,Illinois,0,1
30-Aug-,Illinois,0,1
19-May-,Illinois,0,1
22-Apr-,Illinois,0,1
16-Mar-,Illinois,0,1
10-Mar-,Illinois,0,1
3-Mar-01,Illinois,0,1
30-Jan-,Illinois,0,1
17-Jan-,Illinois,0,1
16-Jan-,Illinois,0,1
17-Nov-,Illinois,0,1
4-Aug-01,Illinois,0,1
15-Jul-,Illinois,0,2
26-Jun-,Illinois,0,1
12-May-,Illinois,0,1
15-Apr-,Illinois,0,1
28-Mar-,Illinois,0,1
23-Mar-,Illinois,0,1
1-Mar-01,Illinois,0,1
29-Nov-,Illinois,0,1
2018-09,Illinois,,
2018-08,Illinois,,
2018-07,Illinois,,
2018-06,Illinois,,
2018-05,Illinois,,
2018-04,Illinois,,
2018-03,Illinois,,
2018-02,Illinois,,
2018-01,Illinois,,
2017-12,Illinois,,
2017-11,Illinois,,
2017-10,Illinois,,
2017-09,Illinois,,
2017-08,Illinois,,
2017-07,Illinois,,
2017-06,Illinois,,
2017-05,Illinois,,
2017-04,Illinois,,
2017-03,Illinois,,
2017-02,Illinois,,
2017-01,Illinois,,
2016-12,Illinois,,
2016-11,Illinois,,
2016-10,Illinois,,
2016-09,Illinois,,
2016-08,Illinois,,
2016-07,Illinois,,
2016-06,Illinois,,
2016-05,Illinois,,
2016-04,Illinois,,
2016-03,Illinois,,
2016-02,Illinois,,
2016-01,Illinois,,
2015-12,Illinois,,
2015-11,Illinois,,
2015-10,Illinois,,
2015-09,Illinois,,
2015-08,Illinois,,
2015-07,Illinois,,
2015-06,Illinois,,
2015-05,Illinois,,
2015-04,Illinois,,
2015-03,Illinois,,
2015-02,Illinois,,
2015-01,Illinois,,
2014-12,Illinois,,
2014-11,Illinois,,
3-Aug-01,Indiana,0,1
31-May-,Indiana,0,1
15-May-,Indiana,0,1
15-Apr-,Indiana,1,1
28-Feb-,Indiana,0,1
18-Dec-,Indiana,0,1
28-Jun-,Indiana,0,1
28-May-,Indiana,0,1
20-May-,Indiana,0,1
13-May-,Indiana,0,1
9-May-01,Indiana,0,1
27-Dec-,Indiana,0,1
4-Dec-01,Indiana,0,1
13-Nov-,Indiana,0,1
6-Nov-01,Indiana,0,2
17-Oct-,Indiana,0,2
20-Sep-,Indiana,0,1
15-Aug-,Indiana,0,1
4-Aug-01,Indiana,0,1
14-May-,Indiana,0,1
25-Apr-,Indiana,0,1
24-Apr-,Indiana,0,1
12-Apr-,Indiana,0,1
9-Apr-01,Indiana,0,1
12-Feb-,Indiana,0,1
26-Dec-,Indiana,0,1
20-Dec-,Indiana,0,1
26-Nov-,Indiana,0,1
17-Nov-,Indiana,0,1
18-Sep-,Indiana,0,1
13-Sep-,Indiana,0,1
21-Aug-,Indiana,0,1
14-Aug-,Indiana,0,1
2-Mar-01,Indiana,0,1
16-Feb-,Indiana,0,1
2018-09,Indiana,,
2018-08,Indiana,,
2018-07,Indiana,,
2018-06,Indiana,,
2018-05,Indiana,,
2018-04,Indiana,,
2018-03,Indiana,,
2018-02,Indiana,,
2018-01,Indiana,,
2017-12,Indiana,,
2017-11,Indiana,,
2017-10,Indiana,,
2017-09,Indiana,,
2017-08,Indiana,,
2017-07,Indiana,,
2017-06,Indiana,,
2017-05,Indiana,,
2017-04,Indiana,,
2017-03,Indiana,,
2017-02,Indiana,,
2017-01,Indiana,,
2016-12,Indiana,,
2016-11,Indiana,,
2016-10,Indiana,,
2016-09,Indiana,,
2016-08,Indiana,,
2016-07,Indiana,,
2016-06,Indiana,,
2016-05,Indiana,,
2016-04,Indiana,,
2016-03,Indiana,,
2016-02,Indiana,,
2016-01,Indiana,,
2015-12,Indiana,,
2015-11,Indiana,,
2015-10,Indiana,,
2015-09,Indiana,,
2015-08,Indiana,,
2015-07,Indiana,,
2015-06,Indiana,,
2015-05,Indiana,,
2015-04,Indiana,,
2015-03,Indiana,,
2015-02,Indiana,,
2015-01,Indiana,,
2014-12,Indiana,,
2014-11,Indiana,,
8-Jul-01,Iowa,0,1
15-May-,Iowa,0,1
10-Dec-,Iowa,0,1
5-Dec-01,Iowa,0,1
16-Nov-,Iowa,0,1
26-Jul-,Iowa,0,1
3-May-01,Iowa,0,1
28-Mar-,Iowa,0,1
25-Jun-,Iowa,0,1
24-Nov-,Iowa,0,2
6-Sep-01,Iowa,0,1
2018-09,Iowa,,
2018-08,Iowa,,
2018-07,Iowa,,
2018-06,Iowa,,
2018-05,Iowa,,
2018-04,Iowa,,
2018-03,Iowa,,
2018-02,Iowa,,
2018-01,Iowa,,
2017-12,Iowa,,
2017-11,Iowa,,
2017-10,Iowa,,
2017-09,Iowa,,
2017-08,Iowa,,
2017-07,Iowa,,
2017-06,Iowa,,
2017-05,Iowa,,
2017-04,Iowa,,
2017-03,Iowa,,
2017-02,Iowa,,
2017-01,Iowa,,
2016-12,Iowa,,
2016-11,Iowa,,
2016-10,Iowa,,
2016-09,Iowa,,
2016-08,Iowa,,
2016-07,Iowa,,
2016-06,Iowa,,
2016-05,Iowa,,
2016-04,Iowa,,
2016-03,Iowa,,
2016-02,Iowa,,
2016-01,Iowa,,
2015-12,Iowa,,
2015-11,Iowa,,
2015-10,Iowa,,
2015-09,Iowa,,
2015-08,Iowa,,
2015-07,Iowa,,
2015-06,Iowa,,
2015-05,Iowa,,
2015-04,Iowa,,
2015-03,Iowa,,
2015-02,Iowa,,
2015-01,Iowa,,
2014-12,Iowa,,
2014-11,Iowa,,
16-Apr-,Kansas,0,1
8-Mar-01,Kansas,0,1
9-Sep-01,Kansas,0,1
24-Mar-,Kansas,0,3
22-Feb-,Kansas,0,1
9-Feb-01,Kansas,0,1
2-Jan-01,Kansas,0,1
16-Oct-,Kansas,0,1
28-Aug-,Kansas,0,1
4-Feb-01,Kansas,0,1
22-Dec-,Kansas,0,1
12-Aug-,Kansas,0,1
24-Jul-,Kansas,0,1
22-Jul-,Kansas,0,1
21-May-,Kansas,0,1
18-Jan-,Kansas,0,1
2018-09,Kansas,,
2018-08,Kansas,,
2018-07,Kansas,,
2018-06,Kansas,,
2018-05,Kansas,,
2018-04,Kansas,,
2018-03,Kansas,,
2018-02,Kansas,,
2018-01,Kansas,,
2017-12,Kansas,,
2017-11,Kansas,,
2017-10,Kansas,,
2017-09,Kansas,,
2017-08,Kansas,,
2017-07,Kansas,,
2017-06,Kansas,,
2017-05,Kansas,,
2017-04,Kansas,,
2017-03,Kansas,,
2017-02,Kansas,,
2017-01,Kansas,,
2016-12,Kansas,,
2016-11,Kansas,,
2016-10,Kansas,,
2016-09,Kansas,,
2016-08,Kansas,,
2016-07,Kansas,,
2016-06,Kansas,,
2016-05,Kansas,,
2016-04,Kansas,,
2016-03,Kansas,,
2016-02,Kansas,,
2016-01,Kansas,,
2015-12,Kansas,,
2015-11,Kansas,,
2015-10,Kansas,,
2015-09,Kansas,,
2015-08,Kansas,,
2015-07,Kansas,,
2015-06,Kansas,,
2015-05,Kansas,,
2015-04,Kansas,,
2015-03,Kansas,,
2015-02,Kansas,,
2015-01,Kansas,,
2014-12,Kansas,,
2014-11,Kansas,,
7-Jul-01,Kentucky,0,1
9-Mar-01,Kentucky,0,1
28-Jan-,Kentucky,0,1
26-Jan-,Kentucky,0,1
9-Dec-01,Kentucky,0,1
19-Jul-,Kentucky,0,1
23-Jun-,Kentucky,0,1
29-May-,Kentucky,0,1
11-May-,Kentucky,0,1
29-Apr-,Kentucky,0,1
17-Dec-,Kentucky,0,1
12-Oct-,Kentucky,0,1
26-Sep-,Kentucky,0,1
5-Sep-01,Kentucky,0,1
30-Aug-,Kentucky,0,1
14-Jul-,Kentucky,0,1
13-Jul-,Kentucky,0,1
28-May-,Kentucky,0,1
25-May-,Kentucky,0,1
20-Mar-,Kentucky,0,1
3-Mar-01,Kentucky,0,1
24-Oct-,Kentucky,0,1
1-Oct-01,Kentucky,0,1
1-Jul-01,Kentucky,0,1
2018-09,Kentucky,,
2018-08,Kentucky,,
2018-07,Kentucky,,
2018-06,Kentucky,,
2018-05,Kentucky,,
2018-04,Kentucky,,
2018-03,Kentucky,,
2018-02,Kentucky,,
2018-01,Kentucky,,
2017-12,Kentucky,,
2017-11,Kentucky,,
2017-10,Kentucky,,
2017-09,Kentucky,,
2017-08,Kentucky,,
2017-07,Kentucky,,
2017-06,Kentucky,,
2017-05,Kentucky,,
2017-04,Kentucky,,
2017-03,Kentucky,,
2017-02,Kentucky,,
2017-01,Kentucky,,
2016-12,Kentucky,,
2016-11,Kentucky,,
2016-10,Kentucky,,
2016-09,Kentucky,,
2016-08,Kentucky,,
2016-07,Kentucky,,
2016-06,Kentucky,,
2016-05,Kentucky,,
2016-04,Kentucky,,
2016-03,Kentucky,,
2016-02,Kentucky,,
2016-01,Kentucky,,
2015-12,Kentucky,,
2015-11,Kentucky,,
2015-10,Kentucky,,
2015-09,Kentucky,,
2015-08,Kentucky,,
2015-07,Kentucky,,
2015-06,Kentucky,,
2015-05,Kentucky,,
2015-04,Kentucky,,
2015-03,Kentucky,,
2015-02,Kentucky,,
2015-01,Kentucky,,
2014-12,Kentucky,,
2014-11,Kentucky,,
18-Jul-,Louisiana,0,1
11-Jul-,Louisiana,0,1
1-Jun-01,Louisiana,0,1
28-May-,Louisiana,0,0
24-May-,Louisiana,0,1
19-May-,Louisiana,0,1
1-Apr-01,Louisiana,0,1
5-Mar-01,Louisiana,0,1
4-Mar-01,Louisiana,0,1
16-Feb-,Louisiana,0,1
8-Jan-01,Louisiana,0,1
9-Dec-01,Louisiana,0,1
2-Sep-01,Louisiana,0,1
5-Jul-01,Louisiana,0,1
14-May-,Louisiana,0,1
25-Apr-,Louisiana,0,1
28-Feb-,Louisiana,0,2
15-Jan-,Louisiana,0,1
10-Jan-,Louisiana,0,1
24-Dec-,Louisiana,0,1
1-Dec-01,Louisiana,0,1
30-Oct-,Louisiana,0,1
22-Jun-,Louisiana,0,1
11-Jun-,Louisiana,0,1
23-Apr-,Louisiana,0,1
6-Feb-01,Louisiana,0,1
18-Jan-,Louisiana,0,1
23-Dec-,Louisiana,0,1
24-Nov-,Louisiana,0,1
17-Oct-,Louisiana,0,1
6-Sep-01,Louisiana,0,1
27-Jul-,Louisiana,0,1
26-May-,Louisiana,0,1
15-May-,Louisiana,0,1
17-Apr-,Louisiana,0,1
30-Jan-,Louisiana,0,1
7-Jan-01,Louisiana,0,1
2018-09,Louisiana,,
2018-08,Louisiana,,
2018-07,Louisiana,,
2018-06,Louisiana,,
2018-05,Louisiana,,
2018-04,Louisiana,,
2018-03,Louisiana,,
2018-02,Louisiana,,
2018-01,Louisiana,,
2017-12,Louisiana,,
2017-11,Louisiana,,
2017-10,Louisiana,,
2017-09,Louisiana,,
2017-08,Louisiana,,
2017-07,Louisiana,,
2017-06,Louisiana,,
2017-05,Louisiana,,
2017-04,Louisiana,,
2017-03,Louisiana,,
2017-02,Louisiana,,
2017-01,Louisiana,,
2016-12,Louisiana,,
2016-11,Louisiana,,
2016-10,Louisiana,,
2016-09,Louisiana,,
2016-08,Louisiana,,
2016-07,Louisiana,,
2016-06,Louisiana,,
2016-05,Louisiana,,
2016-04,Louisiana,,
2016-03,Louisiana,,
2016-02,Louisiana,,
2016-01,Louisiana,,
2015-12,Louisiana,,
2015-11,Louisiana,,
2015-10,Louisiana,,
2015-09,Louisiana,,
2015-08,Louisiana,,
2015-07,Louisiana,,
2015-06,Louisiana,,
2015-05,Louisiana,,
2015-04,Louisiana,,
2015-03,Louisiana,,
2015-02,Louisiana,,
2015-01,Louisiana,,
2014-12,Louisiana,,
2014-11,Louisiana,,
27-Jan-,Maine,0,1
3-Nov-01,Maine,0,1
22-Oct-,Maine,0,1
14-Mar-,Maine,0,1
2018-09,Maine,,
2018-08,Maine,,
2018-07,Maine,,
2018-06,Maine,,
2018-05,Maine,,
2018-04,Maine,,
2018-03,Maine,,
2018-02,Maine,,
2018-01,Maine,,
2017-12,Maine,,
2017-11,Maine,,
2017-10,Maine,,
2017-09,Maine,,
2017-08,Maine,,
2017-07,Maine,,
2017-06,Maine,,
2017-05,Maine,,
2017-04,Maine,,
2017-03,Maine,,
2017-02,Maine,,
2017-01,Maine,,
2016-12,Maine,,
2016-11,Maine,,
2016-10,Maine,,
2016-09,Maine,,
2016-08,Maine,,
2016-07,Maine,,
2016-06,Maine,,
2016-05,Maine,,
2016-04,Maine,,
2016-03,Maine,,
2016-02,Maine,,
2016-01,Maine,,
2015-12,Maine,,
2015-11,Maine,,
2015-10,Maine,,
2015-09,Maine,,
2015-08,Maine,,
2015-07,Maine,,
2015-06,Maine,,
2015-05,Maine,,
2015-04,Maine,,
2015-03,Maine,,
2015-02,Maine,,
2015-01,Maine,,
2014-12,Maine,,
2014-11,Maine,,
2018-09,Mariana Islands,,
2018-08,Mariana Islands,,
2018-07,Mariana Islands,,
2018-06,Mariana Islands,,
2018-05,Mariana Islands,,
2018-04,Mariana Islands,,
2018-03,Mariana Islands,,
2018-02,Mariana Islands,,
2018-01,Mariana Islands,,
2017-12,Mariana Islands,,
2017-11,Mariana Islands,,
2017-10,Mariana Islands,,
2017-09,Mariana Islands,,
2017-08,Mariana Islands,,
2017-07,Mariana Islands,,
2017-06,Mariana Islands,,
2017-05,Mariana Islands,,
2017-04,Mariana Islands,,
2017-03,Mariana Islands,,
2016-11,Mariana Islands,,
2016-08,Mariana Islands,,
2016-01,Mariana Islands,,
2015-02,Mariana Islands,,
22-Jul-,Maryland,0,1
21-Oct-,Maryland,0,1
3-Jun-01,Maryland,0,1
9-Feb-01,Maryland,0,1
2018-09,Maryland,,
2018-08,Maryland,,
2018-07,Maryland,,
2018-06,Maryland,,
2018-05,Maryland,,
2018-04,Maryland,,
2018-03,Maryland,,
2018-02,Maryland,,
2018-01,Maryland,,
2017-12,Maryland,,
2017-11,Maryland,,
2017-10,Maryland,,
2017-09,Maryland,,
2017-08,Maryland,,
2017-07,Maryland,,
2017-06,Maryland,,
2017-05,Maryland,,
2017-04,Maryland,,
2017-03,Maryland,,
2017-02,Maryland,,
2017-01,Maryland,,
2016-12,Maryland,,
2016-11,Maryland,,
2016-10,Maryland,,
2016-09,Maryland,,
2016-08,Maryland,,
2016-07,Maryland,,
2016-06,Maryland,,
2016-05,Maryland,,
2016-04,Maryland,,
2016-03,Maryland,,
2016-02,Maryland,,
2016-01,Maryland,,
2015-12,Maryland,,
2015-11,Maryland,,
2015-10,Maryland,,
2015-09,Maryland,,
2015-08,Maryland,,
2015-07,Maryland,,
2015-06,Maryland,,
2015-05,Maryland,,
2015-04,Maryland,,
2015-03,Maryland,,
2015-02,Maryland,,
2015-01,Maryland,,
2014-12,Maryland,,
2014-11,Maryland,,
5-Jun-01,Massachusetts,0,1
11-May-,Massachusetts,0,1
24-Dec-,Massachusetts,0,1
9-Apr-01,Massachusetts,0,1
17-Feb-,Massachusetts,0,1
8-Dec-01,Massachusetts,0,1
2018-09,Massachusetts,,
2018-08,Massachusetts,,
2018-07,Massachusetts,,
2018-06,Massachusetts,,
2018-05,Massachusetts,,
2018-04,Massachusetts,,
2018-03,Massachusetts,,
2018-02,Massachusetts,,
2018-01,Massachusetts,,
2017-12,Massachusetts,,
2017-11,Massachusetts,,
2017-10,Massachusetts,,
2017-09,Massachusetts,,
2017-08,Massachusetts,,
2017-07,Massachusetts,,
2017-06,Massachusetts,,
2017-05,Massachusetts,,
2017-04,Massachusetts,,
2017-03,Massachusetts,,
2017-02,Massachusetts,,
2017-01,Massachusetts,,
2016-12,Massachusetts,,
2016-11,Massachusetts,,
2016-10,Massachusetts,,
2016-09,Massachusetts,,
2016-08,Massachusetts,,
2016-07,Massachusetts,,
2016-06,Massachusetts,,
2016-05,Massachusetts,,
2016-04,Massachusetts,,
2016-03,Massachusetts,,
2016-02,Massachusetts,,
2016-01,Massachusetts,,
2015-12,Massachusetts,,
2015-11,Massachusetts,,
2015-10,Massachusetts,,
2015-09,Massachusetts,,
2015-08,Massachusetts,,
2015-07,Massachusetts,,
2015-06,Massachusetts,,
2015-05,Massachusetts,,
2015-04,Massachusetts,,
2015-03,Massachusetts,,
2015-02,Massachusetts,,
2015-01,Massachusetts,,
2014-12,Massachusetts,,
2014-11,Massachusetts,,
5-Feb-01,Michigan,0,1
3-Nov-01,Michigan,0,1
1-Oct-01,Michigan,0,1
21-Jun-,Michigan,0,1
17-Jun-,Michigan,0,1
13-Jun-,Michigan,0,1
3-Jun-01,Michigan,0,1
8-May-01,Michigan,0,1
27-Mar-,Michigan,0,1
20-Mar-,Michigan,0,1
13-Mar-,Michigan,0,1
22-Feb-,Michigan,0,1
7-Jan-01,Michigan,0,1
27-Nov-,Michigan,0,1
15-Nov-,Michigan,0,1
12-Nov-,Michigan,0,1
9-Sep-01,Michigan,0,3
19-Aug-,Michigan,0,1
31-Jul-,Michigan,0,1
20-Jul-,Michigan,0,1
14-Jul-,Michigan,0,2
20-May-,Michigan,0,1
19-May-,Michigan,0,1
2-Dec-01,Michigan,0,1
29-Nov-,Michigan,0,1
14-Sep-,Michigan,0,1
8-Aug-01,Michigan,1,1
13-Apr-,Michigan,0,1
25-Mar-,Michigan,0,1
2018-09,Michigan,,
2018-08,Michigan,,
2018-07,Michigan,,
2018-06,Michigan,,
2018-05,Michigan,,
2018-04,Michigan,,
2018-03,Michigan,,
2018-02,Michigan,,
2018-01,Michigan,,
2017-12,Michigan,,
2017-11,Michigan,,
2017-10,Michigan,,
2017-09,Michigan,,
2017-08,Michigan,,
2017-07,Michigan,,
2017-06,Michigan,,
2017-05,Michigan,,
2017-04,Michigan,,
2017-03,Michigan,,
2017-02,Michigan,,
2017-01,Michigan,,
2016-12,Michigan,,
2016-11,Michigan,,
2016-10,Michigan,,
2016-09,Michigan,,
2016-08,Michigan,,
2016-07,Michigan,,
2016-06,Michigan,,
2016-05,Michigan,,
2016-04,Michigan,,
2016-03,Michigan,,
2016-02,Michigan,,
2016-01,Michigan,,
2015-12,Michigan,,
2015-11,Michigan,,
2015-10,Michigan,,
2015-09,Michigan,,
2015-08,Michigan,,
2015-07,Michigan,,
2015-06,Michigan,,
2015-05,Michigan,,
2015-04,Michigan,,
2015-03,Michigan,,
2015-02,Michigan,,
2015-01,Michigan,,
2014-12,Michigan,,
2014-11,Michigan,,
20-May-,Minnesota,0,1
28-Oct-,Minnesota,0,1
15-Oct-,Minnesota,0,1
23-Sep-,Minnesota,0,1
1-Jun-01,Minnesota,0,1
22-Apr-,Minnesota,0,1
9-Mar-01,Minnesota,1,1
2018-09,Minnesota,,
2018-08,Minnesota,,
2018-07,Minnesota,,
2018-06,Minnesota,,
2018-05,Minnesota,,
2018-04,Minnesota,,
2018-03,Minnesota,,
2018-02,Minnesota,,
2018-01,Minnesota,,
2017-12,Minnesota,,
2017-11,Minnesota,,
2017-10,Minnesota,,
2017-09,Minnesota,,
2017-08,Minnesota,,
2017-07,Minnesota,,
2017-06,Minnesota,,
2017-05,Minnesota,,
2017-04,Minnesota,,
2017-03,Minnesota,,
2017-02,Minnesota,,
2017-01,Minnesota,,
2016-12,Minnesota,,
2016-11,Minnesota,,
2016-10,Minnesota,,
2016-09,Minnesota,,
2016-08,Minnesota,,
2016-07,Minnesota,,
2016-06,Minnesota,,
2016-05,Minnesota,,
2016-04,Minnesota,,
2016-03,Minnesota,,
2016-02,Minnesota,,
2016-01,Minnesota,,
2015-12,Minnesota,,
2015-11,Minnesota,,
2015-10,Minnesota,,
2015-09,Minnesota,,
2015-08,Minnesota,,
2015-07,Minnesota,,
2015-06,Minnesota,,
2015-05,Minnesota,,
2015-04,Minnesota,,
2015-03,Minnesota,,
2015-02,Minnesota,,
2015-01,Minnesota,,
2014-12,Minnesota,,
2014-11,Minnesota,,
2-Jun-01,Mississippi,0,1
4-May-01,Mississippi,0,1
22-Mar-,Mississippi,0,1
12-Mar-,Mississippi,0,1
26-Jan-,Mississippi,0,1
1-Jan-01,Mississippi,0,1
7-Dec-01,Mississippi,0,1
18-Oct-,Mississippi,0,1
16-Oct-,Mississippi,0,1
30-Sep-,Mississippi,1,1
15-Sep-,Mississippi,0,1
8-Sep-01,Mississippi,0,1
4-Sep-01,Mississippi,0,1
1-Sep-01,Mississippi,0,1
20-Aug-,Mississippi,0,1
22-Jun-,Mississippi,0,1
31-May-,Mississippi,0,1
24-Apr-,Mississippi,0,1
14-Jan-,Mississippi,0,1
7-May-01,Mississippi,0,1
15-Apr-,Mississippi,0,1
13-Jan-,Mississippi,0,1
25-Oct-,Mississippi,0,1
20-Dec-,Mississippi,0,1
2018-09,Mississippi,,
2018-08,Mississippi,,
2018-07,Mississippi,,
2018-06,Mississippi,,
2018-05,Mississippi,,
2018-04,Mississippi,,
2018-03,Mississippi,,
2018-02,Mississippi,,
2018-01,Mississippi,,
2017-12,Mississippi,,
2017-11,Mississippi,,
2017-10,Mississippi,,
2017-09,Mississippi,,
2017-08,Mississippi,,
2017-07,Mississippi,,
2017-06,Mississippi,,
2017-05,Mississippi,,
2017-04,Mississippi,,
2017-03,Mississippi,,
2017-02,Mississippi,,
2017-01,Mississippi,,
2016-12,Mississippi,,
2016-11,Mississippi,,
2016-10,Mississippi,,
2016-09,Mississippi,,
2016-08,Mississippi,,
2016-07,Mississippi,,
2016-06,Mississippi,,
2016-05,Mississippi,,
2016-04,Mississippi,,
2016-03,Mississippi,,
2016-02,Mississippi,,
2016-01,Mississippi,,
2015-12,Mississippi,,
2015-11,Mississippi,,
2015-10,Mississippi,,
2015-09,Mississippi,,
2015-08,Mississippi,,
2015-07,Mississippi,,
2015-06,Mississippi,,
2015-05,Mississippi,,
2015-04,Mississippi,,
2015-03,Mississippi,,
2015-02,Mississippi,,
2015-01,Mississippi,,
2014-12,Mississippi,,
2014-11,Mississippi,,
25-Jul-,Missouri,0,1
22-Dec-,Missouri,0,1
14-Dec-,Missouri,0,1
6-Dec-01,Missouri,0,1
15-Nov-,Missouri,0,1
10-Sep-,Missouri,0,1
25-Aug-,Missouri,0,1
19-Aug-,Missouri,0,1
17-May-,Missouri,0,1
6-May-01,Missouri,0,1
19-Apr-,Missouri,0,1
7-Jan-01,Missouri,0,1
11-Dec-,Missouri,0,1
4-Jul-01,Missouri,0,1
5-May-01,Missouri,1,1
23-Feb-,Missouri,0,1
20-Dec-,Missouri,0,1
4-Aug-01,Missouri,0,1
16-Feb-,Missouri,0,1
2018-09,Missouri,,
2018-08,Missouri,,
2018-07,Missouri,,
2018-06,Missouri,,
2018-05,Missouri,,
2018-04,Missouri,,
2018-03,Missouri,,
2018-02,Missouri,,
2018-01,Missouri,,
2017-12,Missouri,,
2017-11,Missouri,,
2017-10,Missouri,,
2017-09,Missouri,,
2017-08,Missouri,,
2017-07,Missouri,,
2017-06,Missouri,,
2017-05,Missouri,,
2017-04,Missouri,,
2017-03,Missouri,,
2017-02,Missouri,,
2017-01,Missouri,,
2016-12,Missouri,,
2016-11,Missouri,,
2016-10,Missouri,,
2016-09,Missouri,,
2016-08,Missouri,,
2016-07,Missouri,,
2016-06,Missouri,,
2016-05,Missouri,,
2016-04,Missouri,,
2016-03,Missouri,,
2016-02,Missouri,,
2016-01,Missouri,,
2015-12,Missouri,,
2015-11,Missouri,,
2015-10,Missouri,,
2015-09,Missouri,,
2015-08,Missouri,,
2015-07,Missouri,,
2015-06,Missouri,,
2015-05,Missouri,,
2015-04,Missouri,,
2015-03,Missouri,,
2015-02,Missouri,,
2015-01,Missouri,,
2014-12,Missouri,,
2014-11,Missouri,,
24-Jul-,Montana,0,1
2018-09,Montana,,
2018-08,Montana,,
2018-07,Montana,,
2018-06,Montana,,
2018-05,Montana,,
2018-04,Montana,,
2018-03,Montana,,
2018-02,Montana,,
2018-01,Montana,,
2017-12,Montana,,
2017-11,Montana,,
2017-10,Montana,,
2017-09,Montana,,
2017-08,Montana,,
2017-07,Montana,,
2017-06,Montana,,
2017-05,Montana,,
2017-04,Montana,,
2017-03,Montana,,
2017-02,Montana,,
2017-01,Montana,,
2016-12,Montana,,
2016-11,Montana,,
2016-10,Montana,,
2016-09,Montana,,
2016-08,Montana,,
2016-07,Montana,,
2016-06,Montana,,
2016-05,Montana,,
2016-04,Montana,,
2016-03,Montana,,
2016-02,Montana,,
2016-01,Montana,,
2015-12,Montana,,
2015-11,Montana,,
2015-10,Montana,,
2015-09,Montana,,
2015-08,Montana,,
2015-07,Montana,,
2015-06,Montana,,
2015-05,Montana,,
2015-04,Montana,,
2015-03,Montana,,
2015-02,Montana,,
2015-01,Montana,,
2014-12,Montana,,
2014-11,Montana,,
28-Nov-,Nebraska,0,1
6-May-01,Nebraska,0,1
23-Feb-,Nebraska,0,1
11-Jul-,Nebraska,0,1
24-Feb-,Nebraska,0,1
22-Jan-,Nebraska,0,1
2018-09,Nebraska,,
2018-08,Nebraska,,
2018-07,Nebraska,,
2018-06,Nebraska,,
2018-05,Nebraska,,
2018-04,Nebraska,,
2018-03,Nebraska,,
2018-02,Nebraska,,
2018-01,Nebraska,,
2017-12,Nebraska,,
2017-11,Nebraska,,
2017-10,Nebraska,,
2017-09,Nebraska,,
2017-08,Nebraska,,
2017-07,Nebraska,,
2017-06,Nebraska,,
2017-05,Nebraska,,
2017-04,Nebraska,,
2017-03,Nebraska,,
2017-02,Nebraska,,
2017-01,Nebraska,,
2016-12,Nebraska,,
2016-11,Nebraska,,
2016-10,Nebraska,,
2016-09,Nebraska,,
2016-08,Nebraska,,
2016-07,Nebraska,,
2016-06,Nebraska,,
2016-05,Nebraska,,
2016-04,Nebraska,,
2016-03,Nebraska,,
2016-02,Nebraska,,
2016-01,Nebraska,,
2015-12,Nebraska,,
2015-11,Nebraska,,
2015-10,Nebraska,,
2015-09,Nebraska,,
2015-08,Nebraska,,
2015-07,Nebraska,,
2015-06,Nebraska,,
2015-05,Nebraska,,
2015-04,Nebraska,,
2015-03,Nebraska,,
2015-02,Nebraska,,
2015-01,Nebraska,,
2014-12,Nebraska,,
2014-11,Nebraska,,
26-Jun-,Nevada,0,1
29-Jan-,Nevada,0,1
9-May-01,Nevada,0,1
1-Jan-01,Nevada,0,1
12-Jun-,Nevada,0,1
2018-09,Nevada,,
2018-08,Nevada,,
2018-07,Nevada,,
2018-06,Nevada,,
2018-05,Nevada,,
2018-04,Nevada,,
2018-03,Nevada,,
2018-02,Nevada,,
2018-01,Nevada,,
2017-12,Nevada,,
2017-11,Nevada,,
2017-10,Nevada,,
2017-09,Nevada,,
2017-08,Nevada,,
2017-07,Nevada,,
2017-06,Nevada,,
2017-05,Nevada,,
2017-04,Nevada,,
2017-03,Nevada,,
2017-02,Nevada,,
2017-01,Nevada,,
2016-12,Nevada,,
2016-11,Nevada,,
2016-10,Nevada,,
2016-09,Nevada,,
2016-08,Nevada,,
2016-07,Nevada,,
2016-06,Nevada,,
2016-05,Nevada,,
2016-04,Nevada,,
2016-03,Nevada,,
2016-02,Nevada,,
2016-01,Nevada,,
2015-12,Nevada,,
2015-11,Nevada,,
2015-10,Nevada,,
2015-09,Nevada,,
2015-08,Nevada,,
2015-07,Nevada,,
2015-06,Nevada,,
2015-05,Nevada,,
2015-04,Nevada,,
2015-03,Nevada,,
2015-02,Nevada,,
2015-01,Nevada,,
2014-12,Nevada,,
2014-11,Nevada,,
16-Jun-,New Hampshire,0,1
12-Nov-,New Hampshire,0,1
21-Mar-,New Hampshire,0,1
2018-09,New Hampshire,,
2018-08,New Hampshire,,
2018-07,New Hampshire,,
2018-06,New Hampshire,,
2018-05,New Hampshire,,
2018-04,New Hampshire,,
2018-03,New Hampshire,,
2018-02,New Hampshire,,
2018-01,New Hampshire,,
2017-12,New Hampshire,,
2017-11,New Hampshire,,
2017-10,New Hampshire,,
2017-09,New Hampshire,,
2017-08,New Hampshire,,
2017-07,New Hampshire,,
2017-06,New Hampshire,,
2017-05,New Hampshire,,
2017-04,New Hampshire,,
2017-03,New Hampshire,,
2017-02,New Hampshire,,
2017-01,New Hampshire,,
2016-12,New Hampshire,,
2016-11,New Hampshire,,
2016-10,New Hampshire,,
2016-09,New Hampshire,,
2016-08,New Hampshire,,
2016-07,New Hampshire,,
2016-06,New Hampshire,,
2016-05,New Hampshire,,
2016-04,New Hampshire,,
2016-03,New Hampshire,,
2016-02,New Hampshire,,
2016-01,New Hampshire,,
2015-12,New Hampshire,,
2015-11,New Hampshire,,
2015-10,New Hampshire,,
2015-09,New Hampshire,,
2015-08,New Hampshire,,
2015-07,New Hampshire,,
2015-06,New Hampshire,,
2015-05,New Hampshire,,
2015-04,New Hampshire,,
2015-03,New Hampshire,,
2015-02,New Hampshire,,
2015-01,New Hampshire,,
2014-12,New Hampshire,,
2014-11,New Hampshire,,
22-Aug-,New Jersey,0,1
28-Jan-,New Jersey,0,1
27-Jan-,New Jersey,0,1
7-Dec-01,New Jersey,0,1
12-Jul-,New Jersey,0,1
4-Jul-01,New Jersey,0,1
13-Nov-,New Jersey,0,1
6-Jul-01,New Jersey,0,1
29-May-,New Jersey,0,1
20-Apr-,New Jersey,0,1
2-Jan-01,New Jersey,0,1
3-Aug-01,New Jersey,0,1
15-Mar-,New Jersey,0,1
2018-09,New Jersey,,
2018-08,New Jersey,,
2018-07,New Jersey,,
2018-06,New Jersey,,
2018-05,New Jersey,,
2018-04,New Jersey,,
2018-03,New Jersey,,
2018-02,New Jersey,,
2018-01,New Jersey,,
2017-12,New Jersey,,
2017-11,New Jersey,,
2017-10,New Jersey,,
2017-09,New Jersey,,
2017-08,New Jersey,,
2017-07,New Jersey,,
2017-06,New Jersey,,
2017-05,New Jersey,,
2017-04,New Jersey,,
2017-03,New Jersey,,
2017-02,New Jersey,,
2017-01,New Jersey,,
2016-12,New Jersey,,
2016-11,New Jersey,,
2016-10,New Jersey,,
2016-09,New Jersey,,
2016-08,New Jersey,,
2016-07,New Jersey,,
2016-06,New Jersey,,
2016-05,New Jersey,,
2016-04,New Jersey,,
2016-03,New Jersey,,
2016-02,New Jersey,,
2016-01,New Jersey,,
2015-12,New Jersey,,
2015-11,New Jersey,,
2015-10,New Jersey,,
2015-09,New Jersey,,
2015-08,New Jersey,,
2015-07,New Jersey,,
2015-06,New Jersey,,
2015-05,New Jersey,,
2015-04,New Jersey,,
2015-03,New Jersey,,
2015-02,New Jersey,,
2015-01,New Jersey,,
2014-12,New Jersey,,
2014-11,New Jersey,,
7-Oct-01,New Mexico,0,1
1-Oct-01,New Mexico,1,1
28-Jun-,New Mexico,0,1
4-Apr-01,New Mexico,0,1
2018-09,New Mexico,,
2018-08,New Mexico,,
2018-07,New Mexico,,
2018-06,New Mexico,,
2018-05,New Mexico,,
2018-04,New Mexico,,
2018-03,New Mexico,,
2018-02,New Mexico,,
2018-01,New Mexico,,
2017-12,New Mexico,,
2017-11,New Mexico,,
2017-10,New Mexico,,
2017-09,New Mexico,,
2017-08,New Mexico,,
2017-07,New Mexico,,
2017-06,New Mexico,,
2017-05,New Mexico,,
2017-04,New Mexico,,
2017-03,New Mexico,,
2017-02,New Mexico,,
2017-01,New Mexico,,
2016-12,New Mexico,,
2016-11,New Mexico,,
2016-10,New Mexico,,
2016-09,New Mexico,,
2016-08,New Mexico,,
2016-07,New Mexico,,
2016-06,New Mexico,,
2016-05,New Mexico,,
2016-04,New Mexico,,
2016-03,New Mexico,,
2016-02,New Mexico,,
2016-01,New Mexico,,
2015-12,New Mexico,,
2015-11,New Mexico,,
2015-10,New Mexico,,
2015-09,New Mexico,,
2015-08,New Mexico,,
2015-07,New Mexico,,
2015-06,New Mexico,,
2015-05,New Mexico,,
2015-04,New Mexico,,
2015-03,New Mexico,,
2015-02,New Mexico,,
2015-01,New Mexico,,
2014-12,New Mexico,,
2014-11,New Mexico,,
23-Mar-,New York,0,1
14-Jan-,New York,0,1
28-Oct-,New York,0,1
4-May-01,New York,0,1
28-Apr-,New York,0,1
16-Apr-,New York,0,1
17-Feb-,New York,0,4
7-Jul-01,New York,0,1
4-Jul-01,New York,0,1
12-Mar-,New York,0,2
21-Feb-,New York,0,1
21-Nov-,New York,0,1
8-Nov-01,New York,0,1
30-Oct-,New York,0,1
17-Jun-,New York,0,1
2-Jun-01,New York,0,1
21-Apr-,New York,0,1
4-Apr-01,New York,0,1
20-Mar-,New York,0,1
2018-09,New York,,
2018-08,New York,,
2018-07,New York,,
2018-06,New York,,
2018-05,New York,,
2018-04,New York,,
2018-03,New York,,
2018-02,New York,,
2018-01,New York,,
2017-12,New York,,
2017-11,New York,,
2017-10,New York,,
2017-09,New York,,
2017-08,New York,,
2017-07,New York,,
2017-06,New York,,
2017-05,New York,,
2017-04,New York,,
2017-03,New York,,
2017-02,New York,,
2017-01,New York,,
2016-12,New York,,
2016-11,New York,,
2016-10,New York,,
2016-09,New York,,
2016-08,New York,,
2016-07,New York,,
2016-06,New York,,
2016-05,New York,,
2016-04,New York,,
2016-03,New York,,
2016-02,New York,,
2016-01,New York,,
2015-12,New York,,
2015-11,New York,,
2015-10,New York,,
2015-09,New York,,
2015-08,New York,,
2015-07,New York,,
2015-06,New York,,
2015-05,New York,,
2015-04,New York,,
2015-03,New York,,
2015-02,New York,,
2015-01,New York,,
2014-12,New York,,
2014-11,New York,,
8-Aug-01,North Carolina,1,1
13-Jul-,North Carolina,0,1
31-May-,North Carolina,0,1
27-Apr-,North Carolina,0,1
14-Jan-,North Carolina,0,1
22-Nov-,North Carolina,0,1
22-Oct-,North Carolina,0,1
22-Sep-,North Carolina,0,1
16-Sep-,North Carolina,0,1
18-Jun-,North Carolina,0,1
13-Jun-,North Carolina,0,1
12-Jun-,North Carolina,0,1
10-May-,North Carolina,0,1
28-Apr-,North Carolina,0,1
31-Dec-,North Carolina,0,1
18-Dec-,North Carolina,0,1
25-Nov-,North Carolina,0,1
20-Sep-,North Carolina,0,1
24-Jul-,North Carolina,0,1
16-Jun-,North Carolina,0,1
1-Apr-01,North Carolina,0,1
28-Mar-,North Carolina,0,1
27-Feb-,North Carolina,0,1
6-Feb-01,North Carolina,0,1
16-Jan-,North Carolina,0,1
31-Oct-,North Carolina,0,1
27-May-,North Carolina,0,2
17-May-,North Carolina,0,1
4-Feb-01,North Carolina,0,1
2018-09,North Carolina,,
2018-08,North Carolina,,
2018-07,North Carolina,,
2018-06,North Carolina,,
2018-05,North Carolina,,
2018-04,North Carolina,,
2018-03,North Carolina,,
2018-02,North Carolina,,
2018-01,North Carolina,,
2017-12,North Carolina,,
2017-11,North Carolina,,
2017-10,North Carolina,,
2017-09,North Carolina,,
2017-08,North Carolina,,
2017-07,North Carolina,,
2017-06,North Carolina,,
2017-05,North Carolina,,
2017-04,North Carolina,,
2017-03,North Carolina,,
2017-02,North Carolina,,
2017-01,North Carolina,,
2016-12,North Carolina,,
2016-11,North Carolina,,
2016-10,North Carolina,,
2016-09,North Carolina,,
2016-08,North Carolina,,
2016-07,North Carolina,,
2016-06,North Carolina,,
2016-05,North Carolina,,
2016-04,North Carolina,,
2016-03,North Carolina,,
2016-02,North Carolina,,
2016-01,North Carolina,,
2015-12,North Carolina,,
2015-11,North Carolina,,
2015-10,North Carolina,,
2015-09,North Carolina,,
2015-08,North Carolina,,
2015-07,North Carolina,,
2015-06,North Carolina,,
2015-05,North Carolina,,
2015-04,North Carolina,,
2015-03,North Carolina,,
2015-02,North Carolina,,
2015-01,North Carolina,,
2014-12,North Carolina,,
2014-11,North Carolina,,
9-Aug-01,North Dakota,0,1
28-Apr-,North Dakota,0,1
16-Oct-,North Dakota,0,1
5-Oct-01,North Dakota,0,1
2018-09,North Dakota,,
2018-08,North Dakota,,
2018-07,North Dakota,,
2018-06,North Dakota,,
2018-05,North Dakota,,
2018-04,North Dakota,,
2018-03,North Dakota,,
2018-02,North Dakota,,
2018-01,North Dakota,,
2017-12,North Dakota,,
2017-11,North Dakota,,
2017-10,North Dakota,,
2017-09,North Dakota,,
2017-08,North Dakota,,
2017-07,North Dakota,,
2017-06,North Dakota,,
2017-05,North Dakota,,
2017-04,North Dakota,,
2017-03,North Dakota,,
2017-02,North Dakota,,
2017-01,North Dakota,,
2016-12,North Dakota,,
2016-11,North Dakota,,
2016-10,North Dakota,,
2016-09,North Dakota,,
2016-08,North Dakota,,
2016-07,North Dakota,,
2016-06,North Dakota,,
2016-05,North Dakota,,
2016-04,North Dakota,,
2016-03,North Dakota,,
2016-02,North Dakota,,
2016-01,North Dakota,,
2015-12,North Dakota,,
2015-11,North Dakota,,
2015-10,North Dakota,,
2015-09,North Dakota,,
2015-08,North Dakota,,
2015-07,North Dakota,,
2015-06,North Dakota,,
2015-05,North Dakota,,
2015-04,North Dakota,,
2015-03,North Dakota,,
2015-02,North Dakota,,
2015-01,North Dakota,,
2014-12,North Dakota,,
2014-11,North Dakota,,
30-Sep-,Ohio,0,1
22-Jul-,Ohio,0,1
6-Jul-01,Ohio,0,1
30-Jun-,Ohio,0,1
18-Jun-,Ohio,0,1
24-May-,Ohio,0,1
13-Mar-,Ohio,0,1
16-Feb-,Ohio,0,1
14-Jan-,Ohio,0,1
21-Nov-,Ohio,0,1
3-Nov-01,Ohio,0,1
26-Aug-,Ohio,0,1
19-Aug-,Ohio,0,1
2-Aug-01,Ohio,0,1
24-Jun-,Ohio,0,1
29-May-,Ohio,0,1
21-Feb-,Ohio,0,1
9-Feb-01,Ohio,0,1
2-Jan-01,Ohio,0,1
20-Dec-,Ohio,0,1
14-Dec-,Ohio,0,1
26-Oct-,Ohio,0,1
22-Oct-,Ohio,0,2
1-Oct-01,Ohio,0,1
16-Jun-,Ohio,0,1
7-Jun-01,Ohio,0,1
28-May-,Ohio,0,2
27-May-,Ohio,0,2
12-May-,Ohio,0,1
26-Apr-,Ohio,0,1
22-Mar-,Ohio,0,1
25-Feb-,Ohio,0,1
7-Feb-01,Ohio,0,1
31-Dec-,Ohio,0,1
2-Dec-01,Ohio,0,1
23-Nov-,Ohio,0,1
1-Nov-01,Ohio,0,1
6-Oct-01,Ohio,0,1
2-Oct-01,Ohio,0,1
24-Sep-,Ohio,0,1
20-Sep-,Ohio,0,1
17-Sep-,Ohio,0,1
12-Sep-,Ohio,0,1
29-Aug-,Ohio,0,1
24-Aug-,Ohio,0,1
25-Jul-,Ohio,0,1
23-Jul-,Ohio,0,1
18-Jul-,Ohio,0,1
15-Jul-,Ohio,0,1
5-Jul-01,Ohio,0,1
5-Mar-01,Ohio,0,1
28-Jan-,Ohio,0,1
30-Dec-,Ohio,0,2
7-Dec-01,Ohio,0,1
2018-09,Ohio,,
2018-08,Ohio,,
2018-07,Ohio,,
2018-06,Ohio,,
2018-05,Ohio,,
2018-04,Ohio,,
2018-03,Ohio,,
2018-02,Ohio,,
2018-01,Ohio,,
2017-12,Ohio,,
2017-11,Ohio,,
2017-10,Ohio,,
2017-09,Ohio,,
2017-08,Ohio,,
2017-07,Ohio,,
2017-06,Ohio,,
2017-05,Ohio,,
2017-04,Ohio,,
2017-03,Ohio,,
2017-02,Ohio,,
2017-01,Ohio,,
2016-12,Ohio,,
2016-11,Ohio,,
2016-10,Ohio,,
2016-09,Ohio,,
2016-08,Ohio,,
2016-07,Ohio,,
2016-06,Ohio,,
2016-05,Ohio,,
2016-04,Ohio,,
2016-03,Ohio,,
2016-02,Ohio,,
2016-01,Ohio,,
2015-12,Ohio,,
2015-11,Ohio,,
2015-10,Ohio,,
2015-09,Ohio,,
2015-08,Ohio,,
2015-07,Ohio,,
2015-06,Ohio,,
2015-05,Ohio,,
2015-04,Ohio,,
2015-03,Ohio,,
2015-02,Ohio,,
2015-01,Ohio,,
2014-12,Ohio,,
2014-11,Ohio,,
5-Jul-01,Oklahoma,0,1
24-Jun-,Oklahoma,0,1
22-Feb-,Oklahoma,0,1
22-Oct-,Oklahoma,0,1
17-Jun-,Oklahoma,1,2
5-Dec-01,Oklahoma,0,1
30-Nov-,Oklahoma,0,1
29-May-,Oklahoma,0,1
15-Nov-,Oklahoma,0,1
7-Nov-01,Oklahoma,0,1
2-Oct-01,Oklahoma,0,1
14-Sep-,Oklahoma,0,1
7-Mar-01,Oklahoma,0,1
2018-09,Oklahoma,,
2018-08,Oklahoma,,
2018-07,Oklahoma,,
2018-06,Oklahoma,,
2018-05,Oklahoma,,
2018-04,Oklahoma,,
2018-03,Oklahoma,,
2018-02,Oklahoma,,
2018-01,Oklahoma,,
2017-12,Oklahoma,,
2017-11,Oklahoma,,
2017-10,Oklahoma,,
2017-09,Oklahoma,,
2017-08,Oklahoma,,
2017-07,Oklahoma,,
2017-06,Oklahoma,,
2017-05,Oklahoma,,
2017-04,Oklahoma,,
2017-03,Oklahoma,,
2017-02,Oklahoma,,
2017-01,Oklahoma,,
2016-12,Oklahoma,,
2016-11,Oklahoma,,
2016-10,Oklahoma,,
2016-09,Oklahoma,,
2016-08,Oklahoma,,
2016-07,Oklahoma,,
2016-06,Oklahoma,,
2016-05,Oklahoma,,
2016-04,Oklahoma,,
2016-03,Oklahoma,,
2016-02,Oklahoma,,
2016-01,Oklahoma,,
2015-12,Oklahoma,,
2015-11,Oklahoma,,
2015-10,Oklahoma,,
2015-09,Oklahoma,,
2015-08,Oklahoma,,
2015-07,Oklahoma,,
2015-06,Oklahoma,,
2015-05,Oklahoma,,
2015-04,Oklahoma,,
2015-03,Oklahoma,,
2015-02,Oklahoma,,
2015-01,Oklahoma,,
2014-12,Oklahoma,,
2014-11,Oklahoma,,
11-Jul-,Oregon,0,1
9-Nov-01,Oregon,0,1
16-May-,Oregon,0,1
13-Nov-,Oregon,0,1
14-Nov-,Oregon,0,1
7-Jun-01,Oregon,0,1
2-Jan-01,Oregon,0,1
2018-09,Oregon,,
2018-08,Oregon,,
2018-07,Oregon,,
2018-06,Oregon,,
2018-05,Oregon,,
2018-04,Oregon,,
2018-03,Oregon,,
2018-02,Oregon,,
2018-01,Oregon,,
2017-12,Oregon,,
2017-11,Oregon,,
2017-10,Oregon,,
2017-09,Oregon,,
2017-08,Oregon,,
2017-07,Oregon,,
2017-06,Oregon,,
2017-05,Oregon,,
2017-04,Oregon,,
2017-03,Oregon,,
2017-02,Oregon,,
2017-01,Oregon,,
2016-12,Oregon,,
2016-11,Oregon,,
2016-10,Oregon,,
2016-09,Oregon,,
2016-08,Oregon,,
2016-07,Oregon,,
2016-06,Oregon,,
2016-05,Oregon,,
2016-04,Oregon,,
2016-03,Oregon,,
2016-02,Oregon,,
2016-01,Oregon,,
2015-12,Oregon,,
2015-11,Oregon,,
2015-10,Oregon,,
2015-09,Oregon,,
2015-08,Oregon,,
2015-07,Oregon,,
2015-06,Oregon,,
2015-05,Oregon,,
2015-04,Oregon,,
2015-03,Oregon,,
2015-02,Oregon,,
2015-01,Oregon,,
2014-12,Oregon,,
2014-11,Oregon,,
27-Jan-,Pennsylvania,0,1
21-Dec-,Pennsylvania,0,1
11-Dec-,Pennsylvania,0,1
4-Sep-01,Pennsylvania,0,1
8-Aug-01,Pennsylvania,0,1
7-Aug-01,Pennsylvania,0,1
6-May-01,Pennsylvania,0,1
24-Apr-,Pennsylvania,0,1
8-Apr-01,Pennsylvania,0,1
3-Feb-01,Pennsylvania,0,1
15-Jan-,Pennsylvania,0,1
27-Dec-,Pennsylvania,0,1
31-Oct-,Pennsylvania,0,1
2-Oct-01,Pennsylvania,0,1
29-Aug-,Pennsylvania,0,2
14-Aug-,Pennsylvania,0,1
9-Aug-01,Pennsylvania,0,1
6-Jul-01,Pennsylvania,0,1
11-Apr-,Pennsylvania,0,1
12-Mar-,Pennsylvania,0,1
25-Nov-,Pennsylvania,0,1
5-Sep-01,Pennsylvania,0,1
19-Aug-,Pennsylvania,0,1
17-Jun-,Pennsylvania,0,1
29-May-,Pennsylvania,0,1
2-May-01,Pennsylvania,0,1
21-Mar-,Pennsylvania,0,1
6-Jan-01,Pennsylvania,0,1
2018-09,Pennsylvania,,
2018-08,Pennsylvania,,
2018-07,Pennsylvania,,
2018-06,Pennsylvania,,
2018-05,Pennsylvania,,
2018-04,Pennsylvania,,
2018-03,Pennsylvania,,
2018-02,Pennsylvania,,
2018-01,Pennsylvania,,
2017-12,Pennsylvania,,
2017-11,Pennsylvania,,
2017-10,Pennsylvania,,
2017-09,Pennsylvania,,
2017-08,Pennsylvania,,
2017-07,Pennsylvania,,
2017-06,Pennsylvania,,
2017-05,Pennsylvania,,
2017-04,Pennsylvania,,
2017-03,Pennsylvania,,
2017-02,Pennsylvania,,
2017-01,Pennsylvania,,
2016-12,Pennsylvania,,
2016-11,Pennsylvania,,
2016-10,Pennsylvania,,
2016-09,Pennsylvania,,
2016-08,Pennsylvania,,
2016-07,Pennsylvania,,
2016-06,Pennsylvania,,
2016-05,Pennsylvania,,
2016-04,Pennsylvania,,
2016-03,Pennsylvania,,
2016-02,Pennsylvania,,
2016-01,Pennsylvania,,
2015-12,Pennsylvania,,
2015-11,Pennsylvania,,
2015-10,Pennsylvania,,
2015-09,Pennsylvania,,
2015-08,Pennsylvania,,
2015-07,Pennsylvania,,
2015-06,Pennsylvania,,
2015-05,Pennsylvania,,
2015-04,Pennsylvania,,
2015-03,Pennsylvania,,
2015-02,Pennsylvania,,
2015-01,Pennsylvania,,
2014-12,Pennsylvania,,
2014-11,Pennsylvania,,
2018-09,Puerto Rico,,
2018-08,Puerto Rico,,
2018-07,Puerto Rico,,
2018-06,Puerto Rico,,
2018-05,Puerto Rico,,
2018-04,Puerto Rico,,
2018-03,Puerto Rico,,
2018-02,Puerto Rico,,
2018-01,Puerto Rico,,
2017-12,Puerto Rico,,
2017-11,Puerto Rico,,
2017-10,Puerto Rico,,
2017-09,Puerto Rico,,
2017-08,Puerto Rico,,
2017-07,Puerto Rico,,
2017-06,Puerto Rico,,
2017-05,Puerto Rico,,
2017-04,Puerto Rico,,
2017-03,Puerto Rico,,
2017-02,Puerto Rico,,
2017-01,Puerto Rico,,
2016-12,Puerto Rico,,
2016-11,Puerto Rico,,
2016-10,Puerto Rico,,
2016-09,Puerto Rico,,
2016-08,Puerto Rico,,
2016-07,Puerto Rico,,
2016-06,Puerto Rico,,
2016-05,Puerto Rico,,
2016-04,Puerto Rico,,
2016-03,Puerto Rico,,
2016-02,Puerto Rico,,
2016-01,Puerto Rico,,
2015-12,Puerto Rico,,
2015-11,Puerto Rico,,
2015-10,Puerto Rico,,
2015-09,Puerto Rico,,
2015-08,Puerto Rico,,
2015-07,Puerto Rico,,
2015-06,Puerto Rico,,
2015-05,Puerto Rico,,
2015-04,Puerto Rico,,
2015-03,Puerto Rico,,
2015-02,Puerto Rico,,
2015-01,Puerto Rico,,
2014-12,Puerto Rico,,
2014-11,Puerto Rico,,
5-Sep-01,Rhode Island,1,1
25-Apr-,Rhode Island,0,1
2018-09,Rhode Island,,
2018-08,Rhode Island,,
2018-07,Rhode Island,,
2018-06,Rhode Island,,
2018-05,Rhode Island,,
2018-04,Rhode Island,,
2018-03,Rhode Island,,
2018-02,Rhode Island,,
2018-01,Rhode Island,,
2017-12,Rhode Island,,
2017-11,Rhode Island,,
2017-10,Rhode Island,,
2017-09,Rhode Island,,
2017-08,Rhode Island,,
2017-07,Rhode Island,,
2017-06,Rhode Island,,
2017-05,Rhode Island,,
2017-04,Rhode Island,,
2017-03,Rhode Island,,
2017-02,Rhode Island,,
2017-01,Rhode Island,,
2016-12,Rhode Island,,
2016-11,Rhode Island,,
2016-10,Rhode Island,,
2016-09,Rhode Island,,
2016-08,Rhode Island,,
2016-07,Rhode Island,,
2016-06,Rhode Island,,
2016-05,Rhode Island,,
2016-04,Rhode Island,,
2016-03,Rhode Island,,
2016-02,Rhode Island,,
2016-01,Rhode Island,,
2015-12,Rhode Island,,
2015-11,Rhode Island,,
2015-10,Rhode Island,,
2015-09,Rhode Island,,
2015-08,Rhode Island,,
2015-07,Rhode Island,,
2015-06,Rhode Island,,
2015-05,Rhode Island,,
2015-04,Rhode Island,,
2015-03,Rhode Island,,
2015-02,Rhode Island,,
2015-01,Rhode Island,,
2014-12,Rhode Island,,
2014-11,Rhode Island,,
29-Aug-,South Carolina,0,1
9-Jul-01,South Carolina,0,1
25-May-,South Carolina,0,1
27-Mar-,South Carolina,0,1
1-Sep-01,South Carolina,0,1
14-Aug-,South Carolina,0,1
31-Jul-,South Carolina,0,1
11-Jul-,South Carolina,0,1
29-Jun-,South Carolina,0,1
22-Jun-,South Carolina,0,1
16-Jun-,South Carolina,0,1
15-Jun-,South Carolina,0,1
13-Feb-,South Carolina,0,1
12-Feb-,South Carolina,0,2
4-Feb-01,South Carolina,0,1
3-Feb-01,South Carolina,0,1
16-Jan-,South Carolina,0,1
14-Jan-,South Carolina,0,1
21-Dec-,South Carolina,0,1
2-Aug-01,South Carolina,1,1
24-May-,South Carolina,0,1
13-May-,South Carolina,0,1
29-Apr-,South Carolina,0,1
29-Jul-,South Carolina,0,1
2018-09,South Carolina,,
2018-08,South Carolina,,
2018-07,South Carolina,,
2018-06,South Carolina,,
2018-05,South Carolina,,
2018-04,South Carolina,,
2018-03,South Carolina,,
2018-02,South Carolina,,
2018-01,South Carolina,,
2017-12,South Carolina,,
2017-11,South Carolina,,
2017-10,South Carolina,,
2017-09,South Carolina,,
2017-08,South Carolina,,
2017-07,South Carolina,,
2017-06,South Carolina,,
2017-05,South Carolina,,
2017-04,South Carolina,,
2017-03,South Carolina,,
2017-02,South Carolina,,
2017-01,South Carolina,,
2016-12,South Carolina,,
2016-11,South Carolina,,
2016-10,South Carolina,,
2016-09,South Carolina,,
2016-08,South Carolina,,
2016-07,South Carolina,,
2016-06,South Carolina,,
2016-05,South Carolina,,
2016-04,South Carolina,,
2016-03,South Carolina,,
2016-02,South Carolina,,
2016-01,South Carolina,,
2015-12,South Carolina,,
2015-11,South Carolina,,
2015-10,South Carolina,,
2015-09,South Carolina,,
2015-08,South Carolina,,
2015-07,South Carolina,,
2015-06,South Carolina,,
2015-05,South Carolina,,
2015-04,South Carolina,,
2015-03,South Carolina,,
2015-02,South Carolina,,
2015-01,South Carolina,,
2014-12,South Carolina,,
2014-11,South Carolina,,
13-Dec-,South Dakota,0,1
9-Jun-01,South Dakota,0,1
18-May-,South Dakota,0,1
17-Oct-,South Dakota,0,1
6-Dec-01,South Dakota,0,1
2018-09,South Dakota,,
2018-08,South Dakota,,
2018-07,South Dakota,,
2018-06,South Dakota,,
2018-05,South Dakota,,
2018-04,South Dakota,,
2018-03,South Dakota,,
2018-02,South Dakota,,
2018-01,South Dakota,,
2017-12,South Dakota,,
2017-11,South Dakota,,
2017-10,South Dakota,,
2017-09,South Dakota,,
2017-08,South Dakota,,
2017-07,South Dakota,,
2017-06,South Dakota,,
2017-05,South Dakota,,
2017-04,South Dakota,,
2017-03,South Dakota,,
2017-02,South Dakota,,
2017-01,South Dakota,,
2016-12,South Dakota,,
2016-11,South Dakota,,
2016-10,South Dakota,,
2016-09,South Dakota,,
2016-08,South Dakota,,
2016-07,South Dakota,,
2016-06,South Dakota,,
2016-05,South Dakota,,
2016-04,South Dakota,,
2016-03,South Dakota,,
2016-02,South Dakota,,
2016-01,South Dakota,,
2015-12,South Dakota,,
2015-11,South Dakota,,
2015-10,South Dakota,,
2015-09,South Dakota,,
2015-08,South Dakota,,
2015-07,South Dakota,,
2015-06,South Dakota,,
2015-05,South Dakota,,
2015-04,South Dakota,,
2015-03,South Dakota,,
2015-02,South Dakota,,
2015-01,South Dakota,,
2014-12,South Dakota,,
2014-11,South Dakota,,
3-Sep-01,Tennessee,0,2
21-Aug-,Tennessee,0,1
4-Jul-01,Tennessee,0,1
30-Jun-,Tennessee,0,1
17-Jun-,Tennessee,0,1
19-Apr-,Tennessee,0,1
17-Feb-,Tennessee,0,1
16-Feb-,Tennessee,0,1
25-Jan-,Tennessee,0,1
24-Nov-,Tennessee,0,1
7-Nov-01,Tennessee,0,1
22-Oct-,Tennessee,0,1
18-Oct-,Tennessee,0,1
13-Oct-,Tennessee,0,1
11-Oct-,Tennessee,0,1
4-Oct-01,Tennessee,0,1
7-Jul-01,Tennessee,0,1
5-Jul-01,Tennessee,0,1
23-Jun-,Tennessee,0,1
21-Jun-,Tennessee,0,1
16-Jun-,Tennessee,0,1
13-May-,Tennessee,0,1
14-Apr-,Tennessee,0,1
24-Mar-,Tennessee,0,1
27-Dec-,Tennessee,0,1
2-Oct-01,Tennessee,0,1
25-Sep-,Tennessee,0,1
8-Sep-01,Tennessee,0,1
30-Apr-,Tennessee,0,1
28-Mar-,Tennessee,0,1
19-Mar-,Tennessee,0,1
14-Mar-,Tennessee,0,1
4-Feb-01,Tennessee,0,1
4-Jan-01,Tennessee,2,1
3-Jan-01,Tennessee,0,1
21-Nov-,Tennessee,0,1
31-Oct-,Tennessee,0,2
25-Oct-,Tennessee,0,1
14-Aug-,Tennessee,0,1
4-Aug-01,Tennessee,0,1
31-Jul-,Tennessee,0,1
24-Jul-,Tennessee,0,1
30-May-,Tennessee,0,1
15-May-,Tennessee,0,1
23-Dec-,Tennessee,0,1
2018-09,Tennessee,,
2018-08,Tennessee,,
2018-07,Tennessee,,
2018-06,Tennessee,,
2018-05,Tennessee,,
2018-04,Tennessee,,
2018-03,Tennessee,,
2018-02,Tennessee,,
2018-01,Tennessee,,
2017-12,Tennessee,,
2017-11,Tennessee,,
2017-10,Tennessee,,
2017-09,Tennessee,,
2017-08,Tennessee,,
2017-07,Tennessee,,
2017-06,Tennessee,,
2017-05,Tennessee,,
2017-04,Tennessee,,
2017-03,Tennessee,,
2017-02,Tennessee,,
2017-01,Tennessee,,
2016-12,Tennessee,,
2016-11,Tennessee,,
2016-10,Tennessee,,
2016-09,Tennessee,,
2016-08,Tennessee,,
2016-07,Tennessee,,
2016-06,Tennessee,,
2016-05,Tennessee,,
2016-04,Tennessee,,
2016-03,Tennessee,,
2016-02,Tennessee,,
2016-01,Tennessee,,
2015-12,Tennessee,,
2015-11,Tennessee,,
2015-10,Tennessee,,
2015-09,Tennessee,,
2015-08,Tennessee,,
2015-07,Tennessee,,
2015-06,Tennessee,,
2015-05,Tennessee,,
2015-04,Tennessee,,
2015-03,Tennessee,,
2015-02,Tennessee,,
2015-01,Tennessee,,
2014-12,Tennessee,,
2014-11,Tennessee,,
13-Aug-,Texas,0,1
10-Aug-,Texas,0,1
8-Aug-01,Texas,0,1
31-Jul-,Texas,0,1
18-Jul-,Texas,0,1
9-Jul-01,Texas,0,1
5-Jun-01,Texas,0,1
9-Apr-01,Texas,0,1
12-Mar-,Texas,0,1
28-Feb-,Texas,0,1
15-Feb-,Texas,0,1
7-Feb-01,Texas,0,1
4-Feb-01,Texas,0,1
31-Jan-,Texas,0,2
21-Jan-,Texas,0,1
5-Jan-01,Texas,0,1
28-Nov-,Texas,0,1
17-Oct-,Texas,0,1
16-Sep-,Texas,0,1
6-Aug-01,Texas,0,2
22-Jul-,Texas,0,1
21-Jul-,Texas,0,1
26-Jun-,Texas,0,1
5-May-01,Texas,0,1
13-Apr-,Texas,0,1
29-Dec-,Texas,0,1
17-Dec-,Texas,0,1
12-Dec-,Texas,0,1
8-Sep-01,Texas,1,2
7-Aug-01,Texas,0,1
27-Jul-,Texas,0,1
2-Jul-01,Texas,0,1
2-May-01,Texas,0,1
24-Apr-,Texas,0,1
16-Apr-,Texas,0,1
19-Mar-,Texas,0,1
9-Feb-01,Texas,0,1
1-Feb-01,Texas,0,1
16-Jan-,Texas,0,1
14-Dec-,Texas,0,1
10-Dec-,Texas,0,1
12-Nov-,Texas,0,1
11-Nov-,Texas,0,1
30-Oct-,Texas,0,1
28-Sep-,Texas,0,1
27-Sep-,Texas,0,1
13-Sep-,Texas,0,1
18-Aug-,Texas,0,1
23-Jul-,Texas,0,1
19-Apr-,Texas,0,1
5-Mar-01,Texas,0,1
7-Jan-01,Texas,0,1
31-Dec-,Texas,0,1
30-Dec-,Texas,0,1
30-Nov-,Texas,0,1
29-Nov-,Texas,0,1
2018-09,Texas,,
2018-08,Texas,,
2018-07,Texas,,
2018-06,Texas,,
2018-05,Texas,,
2018-04,Texas,,
2018-03,Texas,,
2018-02,Texas,,
2018-01,Texas,,
2017-12,Texas,,
2017-11,Texas,,
2017-10,Texas,,
2017-09,Texas,,
2017-08,Texas,,
2017-07,Texas,,
2017-06,Texas,,
2017-05,Texas,,
2017-04,Texas,,
2017-03,Texas,,
2017-02,Texas,,
2017-01,Texas,,
2016-12,Texas,,
2016-11,Texas,,
2016-10,Texas,,
2016-09,Texas,,
2016-08,Texas,,
2016-07,Texas,,
2016-06,Texas,,
2016-05,Texas,,
2016-04,Texas,,
2016-03,Texas,,
2016-02,Texas,,
2016-01,Texas,,
2015-12,Texas,,
2015-11,Texas,,
2015-10,Texas,,
2015-09,Texas,,
2015-08,Texas,,
2015-07,Texas,,
2015-06,Texas,,
2015-05,Texas,,
2015-04,Texas,,
2015-03,Texas,,
2015-02,Texas,,
2015-01,Texas,,
2014-12,Texas,,
2014-11,Texas,,
1-Jul-01,Utah,0,1
13-Feb-,Utah,1,2
26-Jan-,Utah,0,1
23-Oct-,Utah,0,1
18-Oct-,Utah,0,1
16-Apr-,Utah,0,1
24-Sep-,Utah,0,2
18-Jun-,Utah,0,1
20-Sep-,Utah,0,1
5-May-01,Utah,0,1
21-Feb-,Utah,0,1
2018-09,Utah,,
2018-08,Utah,,
2018-07,Utah,,
2018-06,Utah,,
2018-05,Utah,,
2018-04,Utah,,
2018-03,Utah,,
2018-02,Utah,,
2018-01,Utah,,
2017-12,Utah,,
2017-11,Utah,,
2017-10,Utah,,
2017-09,Utah,,
2017-08,Utah,,
2017-07,Utah,,
2017-06,Utah,,
2017-05,Utah,,
2017-04,Utah,,
2017-03,Utah,,
2017-02,Utah,,
2017-01,Utah,,
2016-12,Utah,,
2016-11,Utah,,
2016-10,Utah,,
2016-09,Utah,,
2016-08,Utah,,
2016-07,Utah,,
2016-06,Utah,,
2016-05,Utah,,
2016-04,Utah,,
2016-03,Utah,,
2016-02,Utah,,
2016-01,Utah,,
2015-12,Utah,,
2015-11,Utah,,
2015-10,Utah,,
2015-09,Utah,,
2015-08,Utah,,
2015-07,Utah,,
2015-06,Utah,,
2015-05,Utah,,
2015-04,Utah,,
2015-03,Utah,,
2015-02,Utah,,
2015-01,Utah,,
2014-12,Utah,,
2014-11,Utah,,
19-Jul-,Vermont,0,1
13-Nov-,Vermont,0,1
4-May-01,Vermont,0,1
1-May-01,Vermont,0,1
2018-09,Vermont,,
2018-08,Vermont,,
2018-07,Vermont,,
2018-06,Vermont,,
2018-05,Vermont,,
2018-04,Vermont,,
2018-03,Vermont,,
2018-02,Vermont,,
2018-01,Vermont,,
2017-12,Vermont,,
2017-11,Vermont,,
2017-10,Vermont,,
2017-09,Vermont,,
2017-08,Vermont,,
2017-07,Vermont,,
2017-06,Vermont,,
2017-05,Vermont,,
2017-04,Vermont,,
2017-03,Vermont,,
2017-02,Vermont,,
2017-01,Vermont,,
2016-12,Vermont,,
2016-11,Vermont,,
2016-10,Vermont,,
2016-09,Vermont,,
2016-08,Vermont,,
2016-07,Vermont,,
2016-06,Vermont,,
2016-05,Vermont,,
2016-04,Vermont,,
2016-03,Vermont,,
2016-02,Vermont,,
2016-01,Vermont,,
2015-12,Vermont,,
2015-11,Vermont,,
2015-10,Vermont,,
2015-09,Vermont,,
2015-08,Vermont,,
2015-07,Vermont,,
2015-06,Vermont,,
2015-05,Vermont,,
2015-04,Vermont,,
2015-03,Vermont,,
2015-02,Vermont,,
2015-01,Vermont,,
2014-12,Vermont,,
2014-11,Vermont,,
2018-09,Virgin Islands,,
2018-08,Virgin Islands,,
2018-07,Virgin Islands,,
2018-06,Virgin Islands,,
2018-05,Virgin Islands,,
2018-04,Virgin Islands,,
2018-03,Virgin Islands,,
2018-02,Virgin Islands,,
2018-01,Virgin Islands,,
2017-12,Virgin Islands,,
2017-11,Virgin Islands,,
2017-10,Virgin Islands,,
2017-09,Virgin Islands,,
2017-08,Virgin Islands,,
2017-07,Virgin Islands,,
2017-06,Virgin Islands,,
2017-05,Virgin Islands,,
2017-04,Virgin Islands,,
2017-03,Virgin Islands,,
2017-02,Virgin Islands,,
2017-01,Virgin Islands,,
2016-12,Virgin Islands,,
2016-11,Virgin Islands,,
2016-10,Virgin Islands,,
2016-09,Virgin Islands,,
2016-08,Virgin Islands,,
2016-07,Virgin Islands,,
2016-06,Virgin Islands,,
2016-05,Virgin Islands,,
2016-04,Virgin Islands,,
2016-03,Virgin Islands,,
2016-02,Virgin Islands,,
2016-01,Virgin Islands,,
2015-12,Virgin Islands,,
2015-11,Virgin Islands,,
2015-10,Virgin Islands,,
2015-09,Virgin Islands,,
2015-08,Virgin Islands,,
2015-07,Virgin Islands,,
2015-06,Virgin Islands,,
2015-05,Virgin Islands,,
2015-04,Virgin Islands,,
2015-03,Virgin Islands,,
2015-02,Virgin Islands,,
2015-01,Virgin Islands,,
2014-12,Virgin Islands,,
2014-11,Virgin Islands,,
27-Aug-,Virginia,0,1
25-Jul-,Virginia,0,1
24-Jul-,Virginia,0,1
22-Jul-,Virginia,0,1
12-Jun-,Virginia,0,1
5-May-01,Virginia,0,1
7-Jan-01,Virginia,0,1
5-Dec-01,Virginia,0,1
10-Aug-,Virginia,0,1
16-Jun-,Virginia,0,1
20-May-,Virginia,0,1
1-May-01,Virginia,0,1
6-Apr-01,Virginia,0,1
4-Apr-01,Virginia,0,1
2-Apr-01,Virginia,0,1
26-Mar-,Virginia,0,2
25-Mar-,Virginia,0,2
21-Mar-,Virginia,0,1
20-Jan-,Virginia,0,1
7-Aug-01,Virginia,0,1
16-Mar-,Virginia,0,1
13-Mar-,Virginia,0,1
24-Jan-,Virginia,0,1
26-Nov-,Virginia,0,1
18-Apr-,Virginia,0,1
24-Mar-,Virginia,0,1
8-Jan-01,Virginia,0,1
3-Jan-01,Virginia,0,1
20-Dec-,Virginia,0,1
2018-09,Virginia,,
2018-08,Virginia,,
2018-07,Virginia,,
2018-06,Virginia,,
2018-05,Virginia,,
2018-04,Virginia,,
2018-03,Virginia,,
2018-02,Virginia,,
2018-01,Virginia,,
2017-12,Virginia,,
2017-11,Virginia,,
2017-10,Virginia,,
2017-09,Virginia,,
2017-08,Virginia,,
2017-07,Virginia,,
2017-06,Virginia,,
2017-05,Virginia,,
2017-04,Virginia,,
2017-03,Virginia,,
2017-02,Virginia,,
2017-01,Virginia,,
2016-12,Virginia,,
2016-11,Virginia,,
2016-10,Virginia,,
2016-09,Virginia,,
2016-08,Virginia,,
2016-07,Virginia,,
2016-06,Virginia,,
2016-05,Virginia,,
2016-04,Virginia,,
2016-03,Virginia,,
2016-02,Virginia,,
2016-01,Virginia,,
2015-12,Virginia,,
2015-11,Virginia,,
2015-10,Virginia,,
2015-09,Virginia,,
2015-08,Virginia,,
2015-07,Virginia,,
2015-06,Virginia,,
2015-05,Virginia,,
2015-04,Virginia,,
2015-03,Virginia,,
2015-02,Virginia,,
2015-01,Virginia,,
2014-12,Virginia,,
2014-11,Virginia,,
5-Jun-01,Washington,0,1
4-Jun-01,Washington,0,1
12-Sep-,Washington,0,1
23-May-,Washington,0,1
18-May-,Washington,0,1
27-Jan-,Washington,0,1
7-Jan-01,Washington,0,1
29-Dec-,Washington,0,1
12-Aug-,Washington,0,1
15-Jul-,Washington,0,1
29-Apr-,Washington,0,1
29-Nov-,Washington,0,1
16-Dec-,Washington,0,1
2018-09,Washington,,
2018-08,Washington,,
2018-07,Washington,,
2018-06,Washington,,
2018-05,Washington,,
2018-04,Washington,,
2018-03,Washington,,
2018-02,Washington,,
2018-01,Washington,,
2017-12,Washington,,
2017-11,Washington,,
2017-10,Washington,,
2017-09,Washington,,
2017-08,Washington,,
2017-07,Washington,,
2017-06,Washington,,
2017-05,Washington,,
2017-04,Washington,,
2017-03,Washington,,
2017-02,Washington,,
2017-01,Washington,,
2016-12,Washington,,
2016-11,Washington,,
2016-10,Washington,,
2016-09,Washington,,
2016-08,Washington,,
2016-07,Washington,,
2016-06,Washington,,
2016-05,Washington,,
2016-04,Washington,,
2016-03,Washington,,
2016-02,Washington,,
2016-01,Washington,,
2015-12,Washington,,
2015-11,Washington,,
2015-10,Washington,,
2015-09,Washington,,
2015-08,Washington,,
2015-07,Washington,,
2015-06,Washington,,
2015-05,Washington,,
2015-04,Washington,,
2015-03,Washington,,
2015-02,Washington,,
2015-01,Washington,,
2014-12,Washington,,
2014-11,Washington,,
26-May-,West Virginia,0,1
20-Jan-,West Virginia,0,1
26-Nov-,West Virginia,0,1
20-Nov-,West Virginia,0,1
5-Nov-01,West Virginia,0,1
28-Oct-,West Virginia,0,1
17-Dec-,West Virginia,0,1
4-Aug-01,West Virginia,0,1
26-Dec-,West Virginia,1,1
2018-09,West Virginia,,
2018-08,West Virginia,,
2018-07,West Virginia,,
2018-06,West Virginia,,
2018-05,West Virginia,,
2018-04,West Virginia,,
2018-03,West Virginia,,
2018-02,West Virginia,,
2018-01,West Virginia,,
2017-12,West Virginia,,
2017-11,West Virginia,,
2017-10,West Virginia,,
2017-09,West Virginia,,
2017-08,West Virginia,,
2017-07,West Virginia,,
2017-06,West Virginia,,
2017-05,West Virginia,,
2017-04,West Virginia,,
2017-03,West Virginia,,
2017-02,West Virginia,,
2017-01,West Virginia,,
2016-12,West Virginia,,
2016-11,West Virginia,,
2016-10,West Virginia,,
2016-09,West Virginia,,
2016-08,West Virginia,,
2016-07,West Virginia,,
2016-06,West Virginia,,
2016-05,West Virginia,,
2016-04,West Virginia,,
2016-03,West Virginia,,
2016-02,West Virginia,,
2016-01,West Virginia,,
2015-12,West Virginia,,
2015-11,West Virginia,,
2015-10,West Virginia,,
2015-09,West Virginia,,
2015-08,West Virginia,,
2015-07,West Virginia,,
2015-06,West Virginia,,
2015-05,West Virginia,,
2015-04,West Virginia,,
2015-03,West Virginia,,
2015-02,West Virginia,,
2015-01,West Virginia,,
2014-12,West Virginia,,
2014-11,West Virginia,,
30-Sep-,Wisconsin,0,1
19-Sep-,Wisconsin,0,1
2-Sep-01,Wisconsin,0,1
30-Jul-,Wisconsin,0,2
1-Jul-01,Wisconsin,0,1
25-Jan-,Wisconsin,0,1
12-Jan-,Wisconsin,0,1
11-Nov-,Wisconsin,0,1
25-Oct-,Wisconsin,0,1
21-Oct-,Wisconsin,0,1
11-Oct-,Wisconsin,0,1
29-Jun-,Wisconsin,0,1
2-May-01,Wisconsin,0,1
27-Nov-,Wisconsin,0,1
24-Nov-,Wisconsin,0,1
23-Nov-,Wisconsin,0,1
20-Nov-,Wisconsin,0,1
19-Nov-,Wisconsin,0,1
30-Oct-,Wisconsin,0,1
17-Oct-,Wisconsin,0,1
15-Sep-,Wisconsin,0,1
22-Mar-,Wisconsin,0,1
29-Nov-,Wisconsin,0,1
22-Nov-,Wisconsin,0,1
21-Nov-,Wisconsin,0,1
23-Jul-,Wisconsin,0,1
10-Jun-,Wisconsin,0,1
26-Dec-,Wisconsin,0,1
2018-09,Wisconsin,,
2018-08,Wisconsin,,
2018-07,Wisconsin,,
2018-06,Wisconsin,,
2018-05,Wisconsin,,
2018-04,Wisconsin,,
2018-03,Wisconsin,,
2018-02,Wisconsin,,
2018-01,Wisconsin,,
2017-12,Wisconsin,,
2017-11,Wisconsin,,
2017-10,Wisconsin,,
2017-09,Wisconsin,,
2017-08,Wisconsin,,
2017-07,Wisconsin,,
2017-06,Wisconsin,,
2017-05,Wisconsin,,
2017-04,Wisconsin,,
2017-03,Wisconsin,,
2017-02,Wisconsin,,
2017-01,Wisconsin,,
2016-12,Wisconsin,,
2016-11,Wisconsin,,
2016-10,Wisconsin,,
2016-09,Wisconsin,,
2016-08,Wisconsin,,
2016-07,Wisconsin,,
2016-06,Wisconsin,,
2016-05,Wisconsin,,
2016-04,Wisconsin,,
2016-03,Wisconsin,,
2016-02,Wisconsin,,
2016-01,Wisconsin,,
2015-12,Wisconsin,,
2015-11,Wisconsin,,
2015-10,Wisconsin,,
2015-09,Wisconsin,,
2015-08,Wisconsin,,
2015-07,Wisconsin,,
2015-06,Wisconsin,,
2015-05,Wisconsin,,
2015-04,Wisconsin,,
2015-03,Wisconsin,,
2015-02,Wisconsin,,
2015-01,Wisconsin,,
2014-12,Wisconsin,,
2014-11,Wisconsin,,
2018-09,Wyoming,,
2018-08,Wyoming,,
2018-07,Wyoming,,
2018-06,Wyoming,,
2018-05,Wyoming,,
2018-04,Wyoming,,
2018-03,Wyoming,,
2018-02,Wyoming,,
2018-01,Wyoming,,
2017-12,Wyoming,,
2017-11,Wyoming,,
2017-10,Wyoming,,
2017-09,Wyoming,,
2017-08,Wyoming,,
2017-07,Wyoming,,
2017-06,Wyoming,,
2017-05,Wyoming,,
2017-04,Wyoming,,
2017-03,Wyoming,,
2017-02,Wyoming,,
2017-01,Wyoming,,
2016-12,Wyoming,,
2016-11,Wyoming,,
2016-10,Wyoming,,
2016-09,Wyoming,,
2016-08,Wyoming,,
2016-07,Wyoming,,
2016-06,Wyoming,,
2016-05,Wyoming,,
2016-04,Wyoming,,
2016-03,Wyoming,,
2016-02,Wyoming,,
2016-01,Wyoming,,
2015-12,Wyoming,,
2015-11,Wyoming,,
2015-10,Wyoming,,
2015-09,Wyoming,,
2015-08,Wyoming,,
2015-07,Wyoming,,
2015-06,Wyoming,,
2015-05,Wyoming,,
2015-04,Wyoming,,
2015-03,Wyoming,,
2015-02,Wyoming,,
2015-01,Wyoming,,
2014-12,Wyoming,,
2014-11,Wyoming,,
