Date,State,City_country,n_killed,n_injured
1-Jan-14,Virginia,Norfolk,2,2
3-Jan-14,New York,Queens,1,3
5-Jan-14,Pennsylvania,Erie,1,3
11-Jan-14,Mississippi,Jackson,0,4
12-Jan-14,Alabama,Huntsville,0,5
12-Jan-14,Louisiana,Tallulah,0,6
12-Jan-14,Illinois,Elgin,0,5
13-Jan-14,Michigan,Detroit,0,4
14-Jan-14,California,Los Angeles,0,4
16-Jan-14,Utah,Spanish Fork,5,0
16-Jan-14,Oklahoma,Ardmore,2,4
20-Jan-14,Virginia,Manassas,0,4
21-Jan-14,New Jersey,Newark,2,3
25-Jan-14,Florida,Belle Glade,0,4
25-Jan-14,Illinois,Chicago,1,4
27-Jan-14,Washington,Seattle,1,4
27-Jan-14,North Carolina,Rocky Mount,0,4
30-Jan-14,Texas,Cypress,4,0
3-Feb-14,Indiana,Franklin,3,2
5-Feb-14,Illinois,Chicago,1,3
6-Feb-14,Louisiana,New Orleans,0,4
7-Feb-14,Florida,Miami,0,5
12-Feb-14,California,Oakland,1,3
12-Feb-14,Indiana,Gary,0,5
12-Feb-14,California,Stockton,1,3
15-Feb-14,Nevada,Las Vegas,0,5
16-Feb-14,Florida,Jacksonville,1,4
16-Feb-14,Texas,Dallas,1,7
16-Feb-14,Indiana,Fort Wayne,0,5
16-Feb-14,Texas,Fort Worth,1,4
16-Feb-14,Florida,Orlando (Pine Hills),1,6
20-Feb-14,California,Alturas,4,2
20-Feb-14,Indiana,Indianapolis,4,0
22-Feb-14,California,Wilmington,0,4
25-Feb-14,Virginia,Glade Spring,4,1
1-Mar-14,Michigan,Detroit,0,4
1-Mar-14,Pennsylvania,Pittsburgh,1,4
5-Mar-14,South Carolina,Pelzer,3,1
8-Mar-14,Illinois,Chicago,0,6
8-Mar-14,California,Richmond,1,3
9-Mar-14,Texas,Austin,0,6
9-Mar-14,Ohio,Fremont,3,1
14-Mar-14,New York,Brooklyn,0,4
16-Mar-14,Georgia,Waynesboro,0,4
16-Mar-14,Texas,Beaumont,3,1
21-Mar-14,South Carolina,North Charleston,0,4
23-Mar-14,California,San Francisco,0,7
23-Mar-14,California,Long Beach,1,3
23-Mar-14,Texas,Arlington,1,3
30-Mar-14,North Carolina,Charlotte,0,5
30-Mar-14,Mississippi,Starkville,0,5
2-Apr-14,Texas,Fort Hood,4,16
5-Apr-14,California,Fairfield,0,4
5-Apr-14,Arizona,Phoenix,1,3
5-Apr-14,Illinois,Chicago,1,5
6-Apr-14,Oklahoma,Oklahoma City,0,4
6-Apr-14,Massachusetts,Springfield,0,4
7-Apr-14,Louisiana,New Orleans,0,4
9-Apr-14,Tennessee,Lookout Valley,3,1
9-Apr-14,Illinois,Rockford,0,5
11-Apr-14,Indiana,Richmond,0,4
12-Apr-14,Louisiana,New Orleans,1,3
14-Apr-14,District of Columbia,Washington,0,4
20-Apr-14,Florida,Tampa,2,2
20-Apr-14,Illinois,Chicago,0,5
20-Apr-14,Illinois,Montgomery,0,6
22-Apr-14,California,Los Angeles,1,3
25-Apr-14,Tennessee,Memphis,2,3
27-Apr-14,New York,Troy,0,5
29-Apr-14,Georgia,Kennesaw,1,6
30-Apr-14,Illinois,Chicago,0,4
3-May-14,Texas,Houston,0,6
3-May-14,Arkansas,Jonesboro,4,4
4-May-14,Colorado,Wheat Ridge,0,4
4-May-14,Illinois,Chicago,1,3
10-May-14,Georgia,Decatur,2,3
10-May-14,Georgia,Stone Mountain,1,3
10-May-14,California,Sacramento,1,6
11-May-14,Tennessee,Memphis,0,7
12-May-14,Illinois,Chicago,0,4
13-May-14,Georgia,Atlanta,0,5
17-May-14,District of Columbia,Washington,0,5
17-May-14,California,Coachella,1,3
18-May-14,Ohio,Sandusky,0,7
21-May-14,Texas,Dallas,1,3
23-May-14,California,Bellflower,2,2
23-May-14,California,Goleta,4,7
23-May-14,Louisiana,New Orleans,1,7
24-May-14,South Carolina,Myrtle Beach,3,1
24-May-14,Michigan,Detroit,0,4
25-May-14,Ohio,Toledo,1,3
31-May-14,California,San Bernardino,1,3
1-Jun-14,Illinois,Chicago,1,5
1-Jun-14,California,Sacramento,0,4
2-Jun-14,Illinois,Chicago,0,7
3-Jun-14,Georgia,Atlanta,1,4
4-Jun-14,Illinois,Chicago,1,3
7-Jun-14,South Carolina,Moncks Corner,1,5
7-Jun-14,Michigan,Oak Park,1,3
8-Jun-14,Alabama,Opp,1,4
8-Jun-14,Florida,Fort Myers,5,0
9-Jun-14,New Jersey,Paterson,0,6
13-Jun-14,California,Los Angeles,3,1
15-Jun-14,Illinois,Park Forest,0,4
15-Jun-14,Indiana,Kokomo,0,4
20-Jun-14,Maryland,Seat Pleasant,0,4
21-Jun-14,District of Columbia,Washington,0,4
21-Jun-14,Tennessee,Memphis,0,5
22-Jun-14,California,Windsor,1,3
24-Jun-14,Florida,Miami,2,7
25-Jun-14,Massachusetts,Lowell,0,5
26-Jun-14,Wisconsin,Milwaukee,0,5
26-Jun-14,Michigan,Detroit,2,2
27-Jun-14,California,San Diego,1,3
28-Jun-14,New York,Manhattan,0,4
28-Jun-14,California,Antioch,0,7
29-Jun-14,California,Los Angeles,1,5
29-Jun-14,Missouri,Saint Louis,0,4
29-Jun-14,Louisiana,New Orleans,1,9
30-Jun-14,Kentucky,Lexington,1,3
2-Jul-14,Pennsylvania,Chester,0,5
4-Jul-14,Virginia,Norfolk,0,5
5-Jul-14,Indiana,Indianapolis,0,7
5-Jul-14,Texas,Houston,0,6
5-Jul-14,Virginia,Norfolk,0,7
5-Jul-14,Illinois,Centreville,0,5
5-Jul-14,Oregon,Portland,1,4
6-Jul-14,Missouri,Saint Louis,0,4
6-Jul-14,New York,Buffalo,0,4
6-Jul-14,Florida,Miami,2,2
7-Jul-14,California,San Bernardino,1,4
7-Jul-14,Kentucky,Stopover,0,4
8-Jul-14,Rhode Island,Providence,0,5
9-Jul-14,Texas,Spring,6,1
11-Jul-14,Illinois,Chicago,1,3
12-Jul-14,California,Pasadena,3,2
13-Jul-14,Washington,Skyway,0,5
13-Jul-14,Connecticut,Stamford,0,5
13-Jul-14,District of Columbia,Washington,0,4
14-Jul-14,California,Sacramento,1,4
19-Jul-14,Illinois,Chicago,0,4
20-Jul-14,Illinois,East Saint Louis,1,3
20-Jul-14,Nevada,Las Vegas,1,3
21-Jul-14,New Jersey,Irvington,0,6
21-Jul-14,Tennessee,Memphis,0,4
23-Jul-14,Pennsylvania,Braddock,0,4
25-Jul-14,Illinois,Chicago,1,6
26-Jul-14,Georgia,Sylvester,0,8
26-Jul-14,Maine,Saco,5,0
26-Jul-14,Arkansas,Pine Bluff,1,3
27-Jul-14,Missouri,Saint Louis,0,5
28-Jul-14,Pennsylvania,Philadelphia,1,4
30-Jul-14,North Carolina,Hope Mills,3,4
1-Aug-14,Pennsylvania,Philadelphia,1,3
2-Aug-14,Massachusetts,New Bedford,0,7
2-Aug-14,Pennsylvania,Pittsburgh,1,5
2-Aug-14,Texas,Dallas,3,1
3-Aug-14,Missouri,Saint Louis,0,5
3-Aug-14,Tennessee,Columbia,0,5
3-Aug-14,Texas,Humble,0,7
3-Aug-14,Virginia,Culpeper,5,0
4-Aug-14,Georgia,Atlanta,0,5
6-Aug-14,California,Bakersfield,3,1
8-Aug-14,New Mexico,Albuquerque,1,3
8-Aug-14,Wisconsin,Milwaukee,0,4
8-Aug-14,District of Columbia,Washington,0,4
9-Aug-14,Minnesota,Minneapolis,1,8
10-Aug-14,California,Moreno Valley,0,7
10-Aug-14,Georgia,Wrightsville,0,6
10-Aug-14,District of Columbia,Washington,0,6
10-Aug-14,Louisiana,New Orleans,2,5
12-Aug-14,Georgia,Cartersville,2,3
12-Aug-14,New York,Buffalo,1,3
13-Aug-14,Louisiana,New Orleans,0,4
13-Aug-14,Tennessee,Clarksville,0,4
14-Aug-14,Tennessee,Memphis,1,3
16-Aug-14,New Jersey,Plainfield,1,3
16-Aug-14,Utah,Salt Lake City,0,6
17-Aug-14,Nevada,Las Vegas,0,4
17-Aug-14,New York,Queens,0,4
17-Aug-14,Massachusetts,Boston,0,4
17-Aug-14,California,East Palo Alto,1,3
18-Aug-14,Louisiana,Saint Martinville,0,4
20-Aug-14,Tennessee,Memphis,0,5
24-Aug-14,Illinois,Chicago,1,3
24-Aug-14,Georgia,Augusta,1,3
24-Aug-14,California,San Fernando,4,5
27-Aug-14,Michigan,Detroit,1,3
29-Aug-14,Florida,Brooksville,3,1
31-Aug-14,California,Livermore,0,5
2-Sep-14,California,Highland,0,5
2-Sep-14,Mississippi,Jackson,2,3
3-Sep-14,California,Los Angeles,0,6
4-Sep-14,Michigan,Flint,0,5
6-Sep-14,Georgia,Macon,0,5
6-Sep-14,Florida,Orlando,0,4
11-Sep-14,Michigan,Detroit,1,7
14-Sep-14,Alaska,Anchorage,0,6
14-Sep-14,Texas,Corpus Christi,3,1
14-Sep-14,Texas,Flour Bluff,3,1
15-Sep-14,Louisiana,New Orleans,0,5
18-Sep-14,Florida,Bell,8,0
19-Sep-14,New York,Queens,0,4
20-Sep-14,Mississippi,Batesville,2,2
21-Sep-14,Ohio,East Liverpool,0,4
26-Sep-14,South Carolina,Florence,1,4
27-Sep-14,Missouri,Saint Louis,0,5
28-Sep-14,Florida,Miami,0,15
28-Sep-14,Pennsylvania,Philadelphia,0,4
29-Sep-14,California,Fresno,0,4
29-Sep-14,South Carolina,Walterboro,1,7
4-Oct-14,California,Pomona,0,4
4-Oct-14,Tennessee,Memphis,2,2
5-Oct-14,Florida,Jacksonville,3,1
5-Oct-14,Michigan,Detroit,1,5
8-Oct-14,Georgia,Atlanta,0,4
8-Oct-14,New York,Guilderland,4,0
11-Oct-14,New York,Utica,0,5
12-Oct-14,California,Stockton,3,1
12-Oct-14,Georgia,Atlanta,1,3
13-Oct-14,Georgia,Atlanta,0,4
14-Oct-14,Georgia,Peachtree Corners,3,2
16-Oct-14,Michigan,Detroit,1,3
18-Oct-14,South Carolina,Graniteville,1,3
18-Oct-14,New York,Brooklyn,0,4
18-Oct-14,New York,Queens,0,4
24-Oct-14,Washington,Marysville,5,1
26-Oct-14,Kentucky,Cadiz,4,0
29-Oct-14,Tennessee,Memphis,0,5
5-Nov-14,California,San Francisco,0,4
7-Nov-14,California,Los Angeles,0,4
7-Nov-14,California,Compton,0,4
8-Nov-14,California,Pomona,0,5
15-Nov-14,Florida,Miami,1,3
15-Nov-14,Missouri,Springfield,4,0
16-Nov-14,Texas,El Paso,0,6
16-Nov-14,Ohio,Akron,1,4
18-Nov-14,Nevada,North Las Vegas,0,4
19-Nov-14,Illinois,Chicago,1,3
21-Nov-14,Pennsylvania,Pittsburgh,0,6
22-Nov-14,Ohio,Springfield,1,3
22-Nov-14,South Dakota,Sisseton,4,1
22-Nov-14,Ohio,Cleveland,4,1
23-Nov-14,Colorado,Denver,1,4
23-Nov-14,Virginia,Parksley,0,4
26-Nov-14,California,San Francisco,0,6
27-Nov-14,Texas,Georgetown,2,3
28-Nov-14,Tennessee,Memphis,0,4
29-Nov-14,Georgia,Atlanta,3,2
29-Nov-14,New Jersey,Newark,1,3
30-Nov-14,New York,Brooklyn,0,4
30-Nov-14,Tennessee,Chattanooga,0,5
2-Dec-14,Virginia,Newport News,0,5
2-Dec-14,Missouri,Saint Louis,1,5
7-Dec-14,Indiana,South Bend,0,4
12-Dec-14,Oregon,Portland,0,4
13-Dec-14,Florida,Tampa,0,5
14-Dec-14,Florida,Miami,1,4
15-Dec-14,Pennsylvania,Lansdale,7,0
16-Dec-14,New Jersey,Elizabeth,0,4
20-Dec-14,Illinois,Rockford,4,0
21-Dec-14,Illinois,Calumet City,1,8
21-Dec-14,Mississippi,Waynesboro,1,4
21-Dec-14,Florida,Sarasota,2,2
22-Dec-14,Illinois,Chicago,0,5
22-Dec-14,New York,Webster,4,2
22-Dec-14,Michigan,Detroit,1,3
23-Dec-14,Kentucky,Winchester,1,3
24-Dec-14,Missouri,Saint Louis,1,3
26-Dec-14,Illinois,East St. Louis,1,3
27-Dec-14,California,Sacramento,0,4
27-Dec-14,California,Los Angeles,1,3
29-Dec-14,Louisiana,New Orleans,0,4
1-Jan-15,Tennessee,Memphis,0,5
2-Jan-15,Georgia,Savannah,1,4
4-Jan-15,Texas,Dallas,3,1
4-Jan-15,Virginia,Roanoke,2,4
6-Jan-15,Florida,Miami,1,3
7-Jan-15,Tennessee,Chattanooga,1,3
8-Jan-15,Massachusetts,Boston,1,3
9-Jan-15,California,San Francisco,4,0
10-Jan-15,Kansas,Wichita,2,2
11-Jan-15,California,San Jose,0,5
11-Jan-15,Florida,Lakeland,1,3
11-Jan-15,North Carolina,Hope Mills,2,5
13-Jan-15,Virginia,Portsmouth,0,5
13-Jan-15,Illinois,Rockford,2,2
19-Jan-15,Texas,San Antonio,2,5
20-Jan-15,Tennessee,Clarksville,1,3
23-Jan-15,Massachusetts,Boston,0,6
24-Jan-15,Nebraska,Omaha,3,5
24-Jan-15,New York,Arverne (Queens),4,1
26-Jan-15,California,Stockton,1,3
28-Jan-15,Georgia,Ellenwood,1,3
31-Jan-15,Georgia,Lagrange,4,0
1-Feb-15,New York,New York (Manhattan),1,4
1-Feb-15,New York,Syracuse,0,6
5-Feb-15,Ohio,Beachwood (Warrensville Heights),3,3
6-Feb-15,Oklahoma,Tulsa,1,4
7-Feb-15,Georgia,Douglasville,5,2
8-Feb-15,Tennessee,Friendship,0,6
9-Feb-15,Florida,New Port Richey,3,1
15-Feb-15,California,Long Beach,0,5
17-Feb-15,Arkansas,Little Rock,1,3
20-Feb-15,California,Sacramento,0,4
22-Feb-15,Georgia,Clarkesville,3,2
22-Feb-15,South Carolina,Charleston,0,4
22-Feb-15,Texas,Killeen,4,1
23-Feb-15,Florida,Daytona Beach,0,4
25-Feb-15,Texas,Houston,3,1
26-Feb-15,Missouri,Tyrone,8,1
28-Feb-15,Maryland,Baltimore,1,3
1-Mar-15,Michigan,Detroit,1,5
1-Mar-15,Florida,Orlando,0,4
4-Mar-15,California,San Bernardino,3,4
7-Mar-15,Missouri,Saint Louis,0,4
8-Mar-15,South Carolina,Seneca,1,3
9-Mar-15,Illinois,Chicago,1,3
10-Mar-15,Georgia,Columbus,0,5
13-Mar-15,Mississippi,Brookhaven,2,3
14-Mar-15,California,Coachella,0,4
14-Mar-15,Georgia,Atlanta,0,5
15-Mar-15,California,Compton,0,4
17-Mar-15,California,Stockton,3,4
18-Mar-15,Arizona,Mesa,1,5
18-Mar-15,New Jersey,Newark,1,3
20-Mar-15,Texas,Lancaster,1,5
20-Mar-15,Oklahoma,Oklahoma City,0,4
21-Mar-15,Florida,Tampa,0,4
22-Mar-15,New Mexico,Albuquerque,1,6
23-Mar-15,Tennessee,Clarksville,1,4
24-Mar-15,Indiana,Indianapolis,4,0
26-Mar-15,Texas,Amarillo,0,4
27-Mar-15,Florida,Panama City Beach,0,7
2-Apr-15,Maryland,Baltimore,0,5
3-Apr-15,Florida,Daytona Beach,0,4
5-Apr-15,Michigan,Benton Harbor,0,4
5-Apr-15,Indiana,Indianapolis,0,5
5-Apr-15,Kentucky,Louisville,1,4
5-Apr-15,Pennsylvania,Pittsburgh,1,3
7-Apr-15,Georgia,Rome,1,3
16-Apr-15,Arizona,Phoenix,5,0
18-Apr-15,New Jersey,Paterson,1,3
18-Apr-15,North Carolina,Charlotte,0,4
18-Apr-15,North Carolina,Lumberton,1,3
18-Apr-15,Pennsylvania,Williamsport,0,5
18-Apr-15,Alabama,Montgomery,0,5
19-Apr-15,Virginia,Richmond,0,4
21-Apr-15,Texas,Killeen,2,3
25-Apr-15,New York,Gates,1,6
25-Apr-15,New Jersey,Trenton,0,4
27-Apr-15,Arizona,Gila Bend,2,2
27-Apr-15,New York,Brooklyn,2,4
1-May-15,Wisconsin,Milwaukee,2,3
3-May-15,Wisconsin,Menasha,4,1
3-May-15,Texas,Houston,0,6
3-May-15,Ohio,Dayton,1,6
3-May-15,New York,Bronx,0,4
3-May-15,Indiana,South Bend,0,4
4-May-15,New York,Buffalo,1,3
7-May-15,Michigan,Detroit,0,4
7-May-15,Ohio,Cincinnati,0,4
10-May-15,New Jersey,Newark,1,3
10-May-15,New Jersey,Jersey City,0,4
10-May-15,Ohio,Cleveland,1,4
12-May-15,Maryland,Capitol Heights,1,4
12-May-15,Arizona,Tucson,5,0
16-May-15,Maryland,Baltimore,0,5
16-May-15,New York,Rochester,0,4
16-May-15,Wisconsin,Milwaukee,0,5
17-May-15,Texas,Waco,9,18
18-May-15,Florida,Miami,1,4
18-May-15,Missouri,Kinloch,0,4
20-May-15,Maryland,Baltimore,1,3
23-May-15,California,Fresno,2,2
24-May-15,Missouri,Saint Louis,0,4
24-May-15,Alabama,Montgomery,1,3
24-May-15,Michigan,Flint,0,7
24-May-15,Massachusetts,Brockton,0,5
25-May-15,Illinois,Decatur,1,4
26-May-15,Louisiana,New Orleans,2,2
28-May-15,Pennsylvania,Chester,1,3
28-May-15,Illinois,Chicago,0,5
28-May-15,Nebraska,Omaha,0,4
30-May-15,California,San Diego,0,4
31-May-15,Connecticut,New Haven,0,5
31-May-15,Maryland,Springdale,1,3
31-May-15,Ohio,Cleveland,3,1
31-May-15,Georgia,Conyers,3,2
3-Jun-15,New York,Wyandanch,3,1
5-Jun-15,Louisiana,New Orleans,1,3
5-Jun-15,Iowa,Davenport,0,5
6-Jun-15,Illinois,Chicago,0,5
6-Jun-15,New York,Buffalo,1,4
7-Jun-15,Montana,Deer Lodge,5,0
9-Jun-15,Missouri,Saint Louis,1,3
10-Jun-15,California,Los Angeles,1,3
11-Jun-15,Texas,Houston,1,3
11-Jun-15,Connecticut,Bridgeport,1,8
12-Jun-15,Florida,Allapattah,0,4
13-Jun-15,Ohio,Columbus,4,1
13-Jun-15,New York,Bronx,0,5
13-Jun-15,Georgia,Milledgeville,1,3
13-Jun-15,Oklahoma,Oklahoma City,0,4
13-Jun-15,Georgia,Fayetteville,1,4
14-Jun-15,Missouri,Saint Louis,0,4
14-Jun-15,Oklahoma,Tulsa,0,4
14-Jun-15,New Jersey,Camden,1,3
15-Jun-15,New York,Brooklyn,0,4
16-Jun-15,Florida,Miami Gardens,0,4
17-Jun-15,South Carolina,Charleston,9,0
19-Jun-15,Rhode Island,Woonsocket,0,4
20-Jun-15,Michigan,Detroit,1,11
20-Jun-15,North Carolina,Morven,0,4
20-Jun-15,Pennsylvania,Philadelphia,0,10
21-Jun-15,Kentucky,Lexington,1,4
22-Jun-15,Pennsylvania,Philadelphia,0,7
24-Jun-15,New York,New York (Manhattan),0,4
25-Jun-15,Louisiana,New Orleans,0,4
27-Jun-15,Michigan,Detroit,0,4
27-Jun-15,Massachusetts,Taunton,1,3
28-Jun-15,Delaware,Harrington,0,6
28-Jun-15,Michigan,Detroit,0,5
28-Jun-15,Illinois,Venice,0,6
29-Jun-15,Florida,Opa Locka,0,4
2-Jul-15,Indiana,Indianapolis,1,3
4-Jul-15,Texas,San Antonio,0,4
4-Jul-15,New York,Syracuse,0,4
4-Jul-15,District of Columbia,Washington,1,3
4-Jul-15,Massachusetts,Pittsfield,1,4
4-Jul-15,Kentucky,Louisville,0,4
5-Jul-15,New Jersey,East Orange,1,3
5-Jul-15,Indiana,Fort Wayne,0,9
5-Jul-15,Louisiana,Shreveport,0,6
7-Jul-15,Maryland,Baltimore,3,1
7-Jul-15,Ohio,Cleveland,1,3
12-Jul-15,New Jersey,Jersey City,0,4
12-Jul-15,Illinois,River Forest,2,3
13-Jul-15,California,Stockton,1,4
13-Jul-15,California,Norwalk,0,4
14-Jul-15,Missouri,Saint Louis,0,4
15-Jul-15,Michigan,Detroit,0,4
15-Jul-15,South Carolina,Holly Hill,4,1
15-Jul-15,Ohio,Cleveland,0,7
15-Jul-15,Maryland,Baltimore,1,3
15-Jul-15,Georgia,Atlanta,0,5
16-Jul-15,Tennessee,Chattanooga,6,2
16-Jul-15,Texas,Dallas,0,5
17-Jul-15,Ohio,Cincinnati,0,4
17-Jul-15,District of Columbia,Washington,1,3
17-Jul-15,Illinois,Chicago,0,5
18-Jul-15,Louisiana,Baton Rouge,2,2
18-Jul-15,Oregon,Salem,1,4
18-Jul-15,California,Santa Paula,0,5
18-Jul-15,California,San Diego,0,4
19-Jul-15,North Carolina,Rocky Mount,0,4
19-Jul-15,Kentucky,Louisville,0,6
19-Jul-15,Virginia,Suffolk,0,4
20-Jul-15,New York,Bronx,0,6
21-Jul-15,Florida,Miami Gardens,1,3
22-Jul-15,Georgia,Suwanee,5,0
22-Jul-15,Missouri,Saint Louis,0,6
23-Jul-15,Louisiana,Lafayette,3,9
24-Jul-15,Pennsylvania,Erie,2,5
25-Jul-15,Virginia,Hopewell,0,4
26-Jul-15,Louisiana,New Orleans,0,4
26-Jul-15,Missouri,Kansas City,2,3
27-Jul-15,Illinois,Rockford,0,5
30-Jul-15,Pennsylvania,Pittsburgh,0,4
1-Aug-15,Florida,Orlando,0,4
2-Aug-15,Illinois,Chicago,0,4
2-Aug-15,Georgia,Savannah,0,5
2-Aug-15,Illinois,Chicago,1,4
2-Aug-15,Maryland,Baltimore,0,7
2-Aug-15,New York,Brooklyn,0,9
3-Aug-15,New York,Brooklyn,0,5
4-Aug-15,Missouri,Saint Louis,1,4
6-Aug-15,South Carolina,Columbia,0,4
7-Aug-15,Vermont,Barre,4,0
8-Aug-15,Texas,Houston,8,0
8-Aug-15,Arkansas,Blytheville,1,11
8-Aug-15,North Carolina,Gastonia,2,3
9-Aug-15,Missouri,Kansas City,0,4
9-Aug-15,Michigan,Detroit,1,3
9-Aug-15,Mississippi,Forest,1,3
10-Aug-15,California,Long Beach,0,4
15-Aug-15,South Carolina,Orangeburg,1,3
15-Aug-15,California,Los Angeles,0,4
15-Aug-15,Pennsylvania,Pittsburgh,1,3
16-Aug-15,South Carolina,Bennettsville,0,5
16-Aug-15,Illinois,Chicago,0,4
16-Aug-15,Texas,Fort Worth,0,6
19-Aug-15,New York,Rochester,3,4
21-Aug-15,Ohio,Cincinnati,2,5
21-Aug-15,North Carolina,Durham,0,8
22-Aug-15,Florida,Orlando,0,4
22-Aug-15,New Mexico,Roswell,3,1
23-Aug-15,California,Modesto,1,7
25-Aug-15,Louisiana,New Orleans,1,3
26-Aug-15,Florida,West Palm Beach,2,2
26-Aug-15,Illinois,Chicago,2,2
26-Aug-15,Minnesota,Minneapolis (Brooklyn Center),0,4
27-Aug-15,California,Salinas,2,2
27-Aug-15,Florida,Saint Augustine,2,2
28-Aug-15,New York,Brooklyn,1,3
29-Aug-15,Texas,Tyler,1,3
29-Aug-15,Tennessee,Bristol,3,2
30-Aug-15,Tennessee,Memphis,1,4
5-Sep-15,Missouri,Columbia,0,4
5-Sep-15,Nevada,Las Vegas,1,3
5-Sep-15,Florida,Daytona Beach,0,4
5-Sep-15,North Carolina,Charlotte,1,3
7-Sep-15,Minnesota,Excelsior,5,0
7-Sep-15,Colorado,Denver,0,4
7-Sep-15,Indiana,Gary,2,4
8-Sep-15,Georgia,Berlin,0,4
8-Sep-15,Illinois,Chicago,0,4
11-Sep-15,North Carolina,Charlotte,0,5
12-Sep-15,Minnesota,Minneapolis,1,3
12-Sep-15,Minnesota,Minneapolis,0,6
12-Sep-15,New York,Rochester,2,4
12-Sep-15,Louisiana,Shreveport,0,4
13-Sep-15,Florida,Ocala,1,5
15-Sep-15,New Jersey,Newark,0,4
17-Sep-15,Michigan,Albion,0,4
17-Sep-15,South Dakota,Geddes,6,0
19-Sep-15,Indiana,Indianapolis,1,3
20-Sep-15,Illinois,Chicago,1,5
20-Sep-15,Pennsylvania,Philadelphia,1,3
20-Sep-15,Oklahoma,Tulsa,0,6
23-Sep-15,Georgia,Norcross,1,3
23-Sep-15,Louisiana,Shreveport,0,5
23-Sep-15,Florida,Fort Myers,0,4
24-Sep-15,Illinois,Chicago,0,5
25-Sep-15,Illinois,Danville,0,4
27-Sep-15,Missouri,Kansas City,0,4
27-Sep-15,Illinois,Chicago,0,4
27-Sep-15,Georgia,Greenville,0,10
28-Sep-15,Ohio,Cincinnati,0,5
28-Sep-15,Ohio,Dayton,0,4
28-Sep-15,Illinois,Chicago,2,3
28-Sep-15,Illinois,Chicago,3,2
1-Oct-15,Oregon,Roseburg,10,9
2-Oct-15,Maryland,Baltimore,1,4
6-Oct-15,Maryland,Baltimore,0,5
9-Oct-15,Arizona,Flagstaff,1,3
10-Oct-15,Illinois,Peoria,1,3
10-Oct-15,North Carolina,Charlotte,0,4
10-Oct-15,Tennessee,Memphis,0,6
12-Oct-15,Georgia,Decatur,0,4
17-Oct-15,Indiana,Elkhart,0,4
17-Oct-15,Florida,Fort Myers,1,4
18-Oct-15,Louisiana,New Orleans,0,4
19-Oct-15,Illinois,Calumet City,0,6
22-Oct-15,Tennessee,Nashville,1,3
24-Oct-15,South Carolina,Bamberg,0,4
25-Oct-15,North Carolina,Four Oaks,0,5
25-Oct-15,District of Columbia,Washington,0,5
25-Oct-15,Arizona,Phoenix,1,4
26-Oct-15,Indiana,Evansville,0,5
27-Oct-15,Texas,Fort Worth,0,5
28-Oct-15,Louisiana,Houma,1,3
2-Nov-15,South Carolina,Pendleton,4,0
3-Nov-15,Florida,Jacksonville,2,3
6-Nov-15,California,Bakersfield,0,4
7-Nov-15,Colorado,Denver,1,3
8-Nov-15,Michigan,Warren,0,4
8-Nov-15,Iowa,Des Moines,1,3
9-Nov-15,Indiana,Indianapolis,2,2
13-Nov-15,Florida,Jacksonville,4,1
14-Nov-15,Pennsylvania,Johnstown,0,4
15-Nov-15,Pennsylvania,Philadelphia,0,4
15-Nov-15,Texas,Tennessee Colony,5,0
16-Nov-15,Alabama,Cedar Bluff,3,1
18-Nov-15,California,Fresno,0,5
20-Nov-15,Pennsylvania,Pittsburgh,1,3
21-Nov-15,Maryland,Baltimore,1,3
22-Nov-15,Louisiana,New Orleans,0,17
22-Nov-15,Illinois,Chicago,0,4
22-Nov-15,South Carolina,North Charleston,1,3
22-Nov-15,New York,Newburgh,0,5
22-Nov-15,Washington,Seattle,0,4
22-Nov-15,Texas,Brownsville,0,4
23-Nov-15,Ohio,Columbus,4,1
23-Nov-15,Minnesota,Minneapolis,0,5
24-Nov-15,South Carolina,Conway,0,4
27-Nov-15,California,Sacramento,2,2
27-Nov-15,Colorado,Colorado Springs,3,9
29-Nov-15,Illinois,Kankakee,0,5
2-Dec-15,Georgia,Savannah,1,3
2-Dec-15,California,San Bernardino,16,19
6-Dec-15,Nebraska,Omaha,2,3
6-Dec-15,Louisiana,Raceland,1,3
8-Dec-15,Ohio,Cincinnati,1,3
11-Dec-15,Pennsylvania,Pittsburgh,0,4
11-Dec-15,Maryland,Baltimore,1,3
12-Dec-15,Georgia,Savannah,0,4
12-Dec-15,Illinois,Lovejoy (Brooklyn),1,3
13-Dec-15,California,Huntington Beach,0,4
13-Dec-15,California,Los Angeles,1,3
19-Dec-15,Florida,Miami,1,4
20-Dec-15,Florida,North Miami Beach,0,4
20-Dec-15,North Carolina,Wilmington,1,4
21-Dec-15,California,San Leandro,0,4
25-Dec-15,Alabama,Mobile,0,4
25-Dec-15,Florida,Jacksonville,0,4
26-Dec-15,Pennsylvania,Philadelphia,0,4
27-Dec-15,Tennessee,Jackson,0,4
31-Dec-15,Louisiana,New Orleans,0,6
31-Dec-16,Georgia,Lenox (El Dorado),2,2
31-Dec-16,Texas,Houston,1,3
30-Dec-16,Ohio,Mansfield,0,5
30-Dec-16,Connecticut,Wallingford,2,3
28-Dec-16,Georgia,Columbus,1,4
25-Dec-16,Illinois,Chicago,3,4
25-Dec-16,Alabama,Ozark,0,4
25-Dec-16,New York,Mount Vernon,1,5
24-Dec-16,North Carolina,Madison,0,7
24-Dec-16,North Carolina,Wilson,4,0
23-Dec-16,Alabama,Birmingham,1,3
23-Dec-16,Illinois,Chicago,0,4
17-Dec-16,Illinois,Chicago (Roseland),5,0
17-Dec-16,North Carolina,Charlotte,0,4
16-Dec-16,Illinois,Chicago,0,4
16-Dec-16,Illinois,Chicago,2,2
12-Dec-16,California,Sacramento,1,3
11-Dec-16,New York,Brooklyn,0,4
11-Dec-16,Florida,Orlando (Pine Hills),1,4
11-Dec-16,Maryland,Baltimore,0,5
11-Dec-16,North Carolina,Rocky Mount,0,4
9-Dec-16,Texas,Channelview,4,0
9-Dec-16,California,Fresno,0,4
5-Dec-16,New Mexico,Albuquerque,4,1
3-Dec-16,California,Los Angeles,0,6
2-Dec-16,New Jersey,Bloomfield,0,6
1-Dec-16,California,Clearlake Oaks,1,3
30-Nov-16,Maryland,Baltimore,2,4
28-Nov-16,Texas,Mission (Palmview),1,3
28-Nov-16,California,Wilmington,0,4
28-Nov-16,California,San Pedro,0,4
27-Nov-16,Louisiana,New Orleans,1,9
27-Nov-16,Missouri,Kansas City,0,7
26-Nov-16,Illinois,Chicago,1,5
25-Nov-16,Louisiana,New Orleans,0,4
24-Nov-16,Kentucky,Louisville,2,4
24-Nov-16,New York,Albany,1,3
23-Nov-16,Mississippi,Olive Branch,0,4
22-Nov-16,Florida,Clewiston,1,4
18-Nov-16,Illinois,Chicago,0,4
17-Nov-16,Tennessee,Dyersburg,1,7
13-Nov-16,Florida,Jacksonville,3,2
13-Nov-16,Texas,San Antonio,0,4
13-Nov-16,California,San Diego,3,2
13-Nov-16,Florida,Orlando,0,4
12-Nov-16,California,Sacramento,1,5
12-Nov-16,Missouri,Kansas City,1,3
12-Nov-16,Connecticut,Bridgeport,0,5
11-Nov-16,Texas,Houston,0,4
10-Nov-16,Texas,Houston,1,3
9-Nov-16,Washington,Seattle,0,5
9-Nov-16,Illinois,Chicago,1,3
9-Nov-16,Tennessee,Memphis,0,4
5-Nov-16,Texas,San Antonio,0,4
5-Nov-16,South Carolina,Myrtle Beach,0,5
5-Nov-16,Florida,Fort Lauderdale (Lauderhill),1,3
5-Nov-16,California,Oakland,0,8
5-Nov-16,Illinois,Chicago,0,5
4-Nov-16,Pennsylvania,Philadelphia,0,4
3-Nov-16,Illinois,Chicago,2,2
3-Nov-16,New Jersey,Orange,2,2
2-Nov-16,Arkansas,Little Rock,1,4
1-Nov-16,Tennessee,Memphis,1,5
31-Oct-16,Louisiana,Shreveport,0,4
30-Oct-16,Ohio,Toledo,0,4
30-Oct-16,Maryland,Capitol Heights,3,3
30-Oct-16,New York,New York (Manhattan),0,4
30-Oct-16,New York,Newburgh,2,5
30-Oct-16,Texas,San Antonio,0,5
29-Oct-16,California,Los Angeles,0,5
29-Oct-16,Ohio,Dayton,1,3
29-Oct-16,California,Riverside,0,4
28-Oct-16,Mississippi,Jackson,0,6
28-Oct-16,Florida,Miami Gardens,0,4
27-Oct-16,Georgia,Jackson,4,0
25-Oct-16,Ohio,Dayton,1,3
25-Oct-16,Virginia,Roanoke,2,3
23-Oct-16,Oklahoma,Wellston,1,5
22-Oct-16,California,Oakland,0,7
18-Oct-16,California,San Francisco,0,4
17-Oct-16,Illinois,Chicago (Englewood),1,4
15-Oct-16,Alabama,Mobile,0,5
15-Oct-16,Illinois,Rockford,1,5
15-Oct-16,California,Los Angeles,4,11
14-Oct-16,Illinois,Chicago,1,6
13-Oct-16,Illinois,Chicago,0,4
9-Oct-16,Michigan,Grand Rapids,1,8
9-Oct-16,California,Sacramento,1,3
8-Oct-16,New York,Brooklyn,0,4
4-Oct-16,Louisiana,New Orleans,3,2
3-Oct-16,Minnesota,Minneapolis,0,4
2-Oct-16,Texas,San Antonio,1,4
1-Oct-16,Illinois,Pembroke Township,4,0
1-Oct-16,California,Fresno,0,4
29-Sep-16,California,San Francisco,1,3
26-Sep-16,North Carolina,Winston Salem (Winston-salem),0,4
26-Sep-16,Texas,Humble,0,4
26-Sep-16,Texas,Houston,1,6
25-Sep-16,Illinois,Champaign,1,3
24-Sep-16,Maryland,Baltimore,0,8
23-Sep-16,Washington,Burlington,5,0
18-Sep-16,Pennsylvania,Philadelphia,0,4
18-Sep-16,Pennsylvania,Pittsburgh,0,4
18-Sep-16,Virginia,Lynchburg,1,3
17-Sep-16,District of Columbia,Washington,2,7
17-Sep-16,Florida,Miami,0,6
17-Sep-16,Florida,Orlando,1,6
17-Sep-16,Indiana,Indianapolis,2,2
16-Sep-16,California,Los Angeles (Hollywood),2,2
16-Sep-16,Pennsylvania,Philadelphia,2,5
14-Sep-16,Texas,Humble,1,3
13-Sep-16,Indiana,Fort Wayne,3,2
11-Sep-16,Louisiana,New Orleans,1,5
11-Sep-16,Missouri,Kansas City,0,6
11-Sep-16,Michigan,Saginaw,0,5
11-Sep-16,North Carolina,New Bern,0,5
11-Sep-16,Indiana,Fort Wayne,3,1
11-Sep-16,New Jersey,Jersey City,1,3
10-Sep-16,Florida,Miami,1,3
8-Sep-16,Texas,Del Valle,4,0
8-Sep-16,Arkansas,Hot Springs National Park (Hot Springs),1,4
5-Sep-16,Illinois,Chicago,2,3
5-Sep-16,Pennsylvania,Reading,0,4
4-Sep-16,Virginia,Roanoke,1,10
3-Sep-16,North Carolina,Wilmington,1,3
3-Sep-16,Illinois,Chicago,0,4
30-Aug-16,Georgia,Atlanta,0,4
30-Aug-16,Illinois,Chicago (Englewood),0,4
29-Aug-16,New Jersey,Egg Harbor City,1,5
28-Aug-16,Texas,Lubbock,0,6
28-Aug-16,New York,Bronx,0,4
28-Aug-16,Missouri,Saint Louis,2,2
28-Aug-16,Alabama,Dadeville,0,5
27-Aug-16,Alabama,Bessemer (Brighton),1,6
27-Aug-16,Florida,Miami,2,4
25-Aug-16,New Jersey,Bridgeton,0,5
21-Aug-16,Massachusetts,Boston,0,4
21-Aug-16,Connecticut,Bridgeport,0,13
20-Aug-16,Connecticut,Hamden,0,4
20-Aug-16,Washington,Tacoma,0,5
20-Aug-16,Alabama,Citronelle,5,0
18-Aug-16,Connecticut,Waterbury,0,4
17-Aug-16,California,Oakland,0,4
14-Aug-16,Virginia,Norfolk,0,4
14-Aug-16,Minnesota,Minneapolis,0,5
13-Aug-16,California,Los Angeles,0,4
13-Aug-16,Wisconsin,Milwaukee,2,2
13-Aug-16,New York,Richmond Hill,0,4
13-Aug-16,Missouri,Joplin,0,4
12-Aug-16,Florida,Jacksonville,1,3
12-Aug-16,Texas,Dallas,1,3
11-Aug-16,Pennsylvania,Philadelphia,0,4
10-Aug-16,Illinois,Evanston,0,4
10-Aug-16,California,Sacramento,1,3
8-Aug-16,Florida,Jacksonville,0,7
8-Aug-16,New Mexico,Albuquerque,2,2
7-Aug-16,California,Los Angeles,1,3
7-Aug-16,Colorado,Arvada,2,2
7-Aug-16,Mississippi,Vicksburg,1,3
7-Aug-16,Illinois,Chicago,0,4
6-Aug-16,Pennsylvania,Reading (Sinking Spring),5,0
5-Aug-16,Michigan,Pontiac,1,3
5-Aug-16,California,Perris,2,2
4-Aug-16,Tennessee,Memphis,0,4
3-Aug-16,Georgia,Decatur,1,3
2-Aug-16,Florida,Hollywood (West Park),0,4
1-Aug-16,Indiana,Evansville,0,4
31-Jul-16,Florida,Miami,3,1
31-Jul-16,Texas,Austin,1,4
30-Jul-16,Missouri,Saint Louis,0,5
30-Jul-16,Washington,Mukilteo,3,1
30-Jul-16,Georgia,Townsend (Eulonia),0,5
29-Jul-16,Georgia,Athens,0,7
28-Jul-16,New York,Elmira,0,5
28-Jul-16,Maryland,Baltimore,0,4
28-Jul-16,Illinois,Chicago,2,2
25-Jul-16,Florida,Fort Myers,2,19
24-Jul-16,Ohio,Hamilton,1,7
23-Jul-16,South Carolina,North Charleston,0,4
23-Jul-16,Ohio,Cincinnati,2,2
23-Jul-16,New York,Brooklyn,0,4
23-Jul-16,Texas,Bastrop,4,1
22-Jul-16,Illinois,Kankakee,0,5
21-Jul-16,Illinois,Chicago,0,5
20-Jul-16,California,Fresno,0,4
19-Jul-16,Arkansas,West Memphis,0,4
17-Jul-16,Louisiana,Baton Rouge,5,2
17-Jul-16,Michigan,Detroit,0,4
17-Jul-16,Texas,Houston,1,3
16-Jul-16,Texas,Dallas,0,5
16-Jul-16,Ohio,Cleveland,0,5
16-Jul-16,California,Bakersfield,1,14
16-Jul-16,California,San Bernardino,0,4
16-Jul-16,Tennessee,Clarksville,0,6
15-Jul-16,Washington,Woodland,3,1
14-Jul-16,Texas,Crosby,3,1
14-Jul-16,California,Oakland,0,4
14-Jul-16,Ohio,Akron,1,3
13-Jul-16,Georgia,Warner Robins,0,5
13-Jul-16,Missouri,Saint Louis,2,2
11-Jul-16,Maryland,Baltimore,0,5
11-Jul-16,Michigan,Jackson,0,4
11-Jul-16,Michigan,Saint Joseph,3,2
11-Jul-16,District of Columbia,Washington,0,4
7-Jul-16,Louisiana,Baton Rouge,0,4
7-Jul-16,Texas,Dallas,5,9
7-Jul-16,Tennessee,Bristol,1,4
5-Jul-16,California,Los Angeles,0,4
4-Jul-16,New York,Brooklyn,0,7
4-Jul-16,Texas,Houston,3,2
4-Jul-16,Pennsylvania,Pittsburgh,0,4
4-Jul-16,Illinois,Chicago (Englewood),0,4
4-Jul-16,Ohio,Cleveland,0,4
4-Jul-16,Arizona,Phoenix,2,6
3-Jul-16,Louisiana,Monroe,2,3
3-Jul-16,Tennessee,Chattanooga,0,4
30-Jun-16,Illinois,Chicago,1,4
29-Jun-16,Nevada,Las Vegas,5,0
28-Jun-16,California,Los Angeles,1,3
28-Jun-16,Illinois,Chicago,0,4
27-Jun-16,Oregon,Woodburn,3,1
26-Jun-16,South Carolina,Bennettsville,0,4
26-Jun-16,North Carolina,Charlotte,0,5
26-Jun-16,Georgia,Atlanta,1,4
26-Jun-16,Texas,Houston,1,3
26-Jun-16,Texas,Corpus Christi,0,4
25-Jun-16,Texas,Fort Worth,2,5
25-Jun-16,Virginia,Norfolk,0,4
25-Jun-16,Illinois,Chicago,0,4
24-Jun-16,Kansas,Kansas City,0,4
24-Jun-16,Connecticut,Hartford,0,5
24-Jun-16,Maryland,District Heights,3,2
22-Jun-16,Georgia,Stone Mountain,1,3
22-Jun-16,Washington,Olympia,3,1
22-Jun-16,Illinois,Chicago,0,4
21-Jun-16,New Jersey,Willingboro,0,4
21-Jun-16,Kentucky,Louisville,2,2
19-Jun-16,Virginia,Roanoke,0,4
18-Jun-16,Georgia,Waycross,2,2
18-Jun-16,Virginia,Exmore,1,3
18-Jun-16,Illinois,Chicago,0,4
14-Jun-16,California,Oakland,1,3
14-Jun-16,Delaware,Wilmington,0,4
13-Jun-16,California,Fresno,0,4
13-Jun-16,New York,Brooklyn,0,5
13-Jun-16,Illinois,Chicago,0,5
12-Jun-16,Florida,Orlando,50,53
11-Jun-16,Minnesota,Webster,0,4
11-Jun-16,North Carolina,Charlotte,1,3
11-Jun-16,California,Stockton,1,3
11-Jun-16,New Mexico,Roswell,5,0
11-Jun-16,California,Panorama City,3,2
9-Jun-16,Florida,Fort Walton Beach,0,4
8-Jun-16,District of Columbia,Washington,0,4
8-Jun-16,Massachusetts,Boston,1,3
6-Jun-16,California,Visalia,0,4
5-Jun-16,Arizona,Phoenix,2,4
5-Jun-16,Minnesota,Minneapolis,0,4
5-Jun-16,Florida,Cape Coral,3,3
5-Jun-16,New York,Brooklyn,0,4
4-Jun-16,Colorado,Denver,3,1
31-May-16,Illinois,Chicago,0,4
31-May-16,Indiana,Fort Wayne,0,4
30-May-16,Maryland,Baltimore,0,5
30-May-16,California,Sacramento,0,5
29-May-16,Nevada,Las Vegas,0,4
29-May-16,New Jersey,Trenton,0,6
29-May-16,Indiana,Indianapolis,0,4
29-May-16,Texas,Houston,2,6
23-May-16,New Jersey,Newark,0,5
22-May-16,Louisiana,New Orleans,0,4
22-May-16,California,Stockton,1,3
22-May-16,Tennessee,Nashville,0,4
21-May-16,Georgia,Jackson,1,3
18-May-16,Indiana,Indianapolis,0,4
17-May-16,South Carolina,Ravenel,3,1
15-May-16,Georgia,Moultrie,5,0
15-May-16,Indiana,Evansville,0,4
14-May-16,Georgia,Atlanta,0,5
14-May-16,West Virginia,Charleston,1,3
11-May-16,Alabama,Birmingham,1,4
11-May-16,Illinois,Chicago,0,5
8-May-16,Texas,Austin,1,3
6-May-16,Michigan,Detroit,1,4
6-May-16,Alabama,Montgomery,1,3
6-May-16,Maryland,Bethesda,3,3
5-May-16,Louisiana,Shreveport,2,6
5-May-16,Florida,Miami,1,3
4-May-16,Minnesota,Minneapolis,1,7
1-May-16,Tennessee,Murfreesboro,0,5
29-Apr-16,California,Oakland,0,5
29-Apr-16,Missouri,Saint Louis (Ferguson),0,4
27-Apr-16,Louisiana,Baton Rouge,2,2
27-Apr-16,Mississippi,Kilmichael,3,1
26-Apr-16,Maryland,District Heights (Forestville),1,4
25-Apr-16,Tennessee,Nashville,0,4
25-Apr-16,Florida,Miami,0,5
24-Apr-16,Virginia,Halifax,0,5
24-Apr-16,Illinois,Chicago (Englewood),2,3
24-Apr-16,Colorado,Denver,0,4
23-Apr-16,Nevada,Las Vegas,1,3
23-Apr-16,Alabama,Auburn,3,1
23-Apr-16,New York,New York (Manhattan),0,4
23-Apr-16,Kansas,Topeka,1,4
22-Apr-16,Ohio,Piketon,8,0
22-Apr-16,Georgia,Appling,6,0
21-Apr-16,Maryland,Baltimore,0,4
19-Apr-16,Alabama,Blountsville,1,4
19-Apr-16,Illinois,Chicago,1,3
19-Apr-16,Illinois,Chicago,1,4
18-Apr-16,California,Long Beach,1,3
17-Apr-16,Pennsylvania,Philadelphia,3,1
17-Apr-16,South Carolina,Pelzer,1,3
17-Apr-16,Texas,Edinburg,1,6
16-Apr-16,Michigan,Detroit,1,4
16-Apr-16,Florida,Orlando,2,4
16-Apr-16,Alabama,Enterprise,0,4
10-Apr-16,Wisconsin,Milwaukee,1,3
10-Apr-16,California,Los Angeles,0,4
9-Apr-16,Tennessee,Memphis,0,4
9-Apr-16,Alabama,Anniston,0,4
9-Apr-16,New Mexico,Albuquerque,0,4
7-Apr-16,Illinois,Chicago,0,4
31-Mar-16,Illinois,Chicago (Englewood),0,4
27-Mar-16,Louisiana,Shreveport,0,4
25-Mar-16,Illinois,Chicago,0,4
25-Mar-16,Colorado,Denver,0,4
21-Mar-16,Illinois,Chicago,0,4
19-Mar-16,Florida,Plantation,1,4
19-Mar-16,Alabama,Wetumpka,2,2
15-Mar-16,Georgia,Atlanta,0,5
13-Mar-16,Florida,Fort Myers,0,4
12-Mar-16,Oregon,Portland,0,4
12-Mar-16,California,Oakland,0,4
11-Mar-16,Michigan,Detroit,2,2
11-Mar-16,New Jersey,Trenton,0,5
9-Mar-16,Pennsylvania,Pittsburgh (Wilkinsburg),6,2
8-Mar-16,Texas,San Antonio,2,3
7-Mar-16,Louisiana,Lafayette,0,4
7-Mar-16,Kansas,Kansas City,5,0
6-Mar-16,Massachusetts,Chelsea,1,6
6-Mar-16,Georgia,Roswell,0,4
6-Mar-16,California,Compton,1,8
5-Mar-16,Kansas,Wichita,0,4
4-Mar-16,Ohio,Columbus,1,3
28-Feb-16,California,Mira Loma,1,3
28-Feb-16,Michigan,Detroit,0,5
27-Feb-16,Virginia,Woodbridge (Lake Ridge),2,2
26-Feb-16,Washington,Belfair,5,0
25-Feb-16,Kansas,Hesston,4,14
23-Feb-16,Arizona,Glendale,5,0
23-Feb-16,Florida,Daytona Beach,0,4
21-Feb-16,Texas,Houston,0,5
21-Feb-16,Missouri,Hazelwood,1,3
20-Feb-16,Florida,Tampa,1,3
20-Feb-16,Michigan,Kalamazoo,6,2
20-Feb-16,Alabama,Bessemer,1,3
20-Feb-16,Florida,Orlando,0,4
20-Feb-16,Mississippi,Iuka,2,3
19-Feb-16,Missouri,Edgerton,4,0
19-Feb-16,California,Vallejo,1,3
14-Feb-16,Texas,Houston,1,3
14-Feb-16,Alabama,Eutaw,0,5
13-Feb-16,Louisiana,Marrero,0,4
7-Feb-16,Mississippi,Pass Christian,2,4
7-Feb-16,Florida,Orlando,2,10
7-Feb-16,New York,Rochester,1,7
7-Feb-16,Illinois,Chicago (Englewood),0,4
6-Feb-16,California,Los Angeles,1,3
6-Feb-16,Florida,Apopka,0,4
6-Feb-16,Florida,Tampa,2,6
3-Feb-16,District of Columbia,Washington,0,4
30-Jan-16,Arizona,Glendale,3,5
27-Jan-16,Virginia,Chesapeake,6,0
26-Jan-16,Washington,Seattle,2,3
25-Jan-16,California,Perris,1,4
23-Jan-16,California,Los Angeles,2,2
17-Jan-16,Virginia,Gloucester,1,3
11-Jan-16,Delaware,Wilmington,1,4
8-Jan-16,District of Columbia,Washington,0,4
8-Jan-16,Illinois,Chicago,1,4
7-Jan-16,Tennessee,Memphis,1,3
6-Jan-16,Florida,Lakeland,3,1
31-Dec-17,Colorado,Littleton (Highlands Ranch),2,6
31-Dec-17,Illinois,Chicago,0,4
31-Dec-17,New Jersey,Long Branch,4,0
27-Dec-17,Nevada,Las Vegas,2,2
26-Dec-17,Florida,Miami,0,5
24-Dec-17,Mississippi,Vicksburg,0,5
24-Dec-17,Alabama,Troy,1,4
23-Dec-17,Louisiana,Eunice,1,3
23-Dec-17,Alabama,Birmingham,0,4
21-Dec-17,Pennsylvania,Philadelphia,1,3
21-Dec-17,Louisiana,Lafayette,0,4
16-Dec-17,Mississippi,Mc Cool (Mccool),0,4
15-Dec-17,California,Pacoima,0,5
13-Dec-17,Ohio,Columbus,1,3
12-Dec-17,Kentucky,Louisville,0,4
12-Dec-17,Texas,Garland,0,4
9-Dec-17,Massachusetts,Boston,0,4
6-Dec-17,Illinois,Chicago,0,4
4-Dec-17,Pennsylvania,Pittsburgh,2,2
3-Dec-17,Tennessee,Memphis,1,3
2-Dec-17,Michigan,Detroit,0,4
30-Nov-17,Michigan,Detroit,1,4
24-Nov-17,Mississippi,Brookhaven,1,6
24-Nov-17,Ohio,Cleveland,1,5
18-Nov-17,Minnesota,Minneapolis,0,4
17-Nov-17,Louisiana,New Iberia,0,4
16-Nov-17,Georgia,Columbus,0,7
14-Nov-17,California,Richmond,2,2
14-Nov-17,California,Corning,6,12
12-Nov-17,Indiana,Gary,0,7
12-Nov-17,California,Fresno,0,5
12-Nov-17,Georgia,Atlanta,2,2
11-Nov-17,Texas,Dallas,1,3
11-Nov-17,North Carolina,Fayetteville,1,5
11-Nov-17,Louisiana,New Orleans,1,5
10-Nov-17,Ohio,Dayton (Trotwood),0,4
9-Nov-17,Pennsylvania,Philadelphia,0,4
5-Nov-17,Texas,Sutherland Springs,27,20
4-Nov-17,Texas,Austin,0,4
4-Nov-17,Ohio,Youngstown,0,4
4-Nov-17,California,Santa Monica,1,3
3-Nov-17,Minnesota,Minneapolis,0,4
3-Nov-17,California,Gardena,0,4
3-Nov-17,New York,Buffalo,0,4
3-Nov-17,Louisiana,Lacombe,1,4
29-Oct-17,Texas,Austin,1,3
28-Oct-17,Ohio,Toledo,0,4
28-Oct-17,Virginia,Petersburg,1,3
27-Oct-17,Kentucky,Louisville,0,6
27-Oct-17,California,San Francisco,0,4
23-Oct-17,California,Clearlake Oaks,2,3
22-Oct-17,Connecticut,Hartford,0,4
22-Oct-17,Alabama,Lanett,2,7
21-Oct-17,Florida,Tampa,0,4
21-Oct-17,Florida,Jacksonville,0,4
21-Oct-17,Tennessee,Nashville,0,4
21-Oct-17,Pennsylvania,Chester,0,4
18-Oct-17,Maryland,Edgewood,3,3
17-Oct-17,New York,Brooklyn,0,4
16-Oct-17,Mississippi,Meridian,1,3
15-Oct-17,Texas,Houston,2,2
15-Oct-17,Arizona,Phoenix,1,3
12-Oct-17,California,Aliso Viejo,2,2
11-Oct-17,Ohio,Pedro,4,0
10-Oct-17,California,San Francisco,0,4
9-Oct-17,Texas,Houston,0,5
7-Oct-17,Arizona,Phoenix,0,4
6-Oct-17,Illinois,Chicago,0,5
5-Oct-17,Arizona,Casa Grande,4,0
3-Oct-17,Florida,Miami,0,4
1-Oct-17,Kansas,Lawrence,3,2
1-Oct-17,Nevada,Las Vegas,59,441
30-Sep-17,Tennessee,Memphis,1,3
28-Sep-17,Louisiana,New Orleans,1,3
26-Sep-17,Pennsylvania,Philadelphia,1,3
26-Sep-17,Tennessee,Memphis,0,4
26-Sep-17,Maryland,Baltimore,2,2
24-Sep-17,Maryland,Baltimore,0,4
24-Sep-17,Tennessee,Antioch,1,8
24-Sep-17,New York,Syracuse,0,4
24-Sep-17,Pennsylvania,Philadelphia,0,4
24-Sep-17,New Jersey,Mays Landing,1,3
23-Sep-17,California,Bakersfield,1,4
23-Sep-17,Illinois,Danville,0,5
23-Sep-17,Connecticut,Hartford,2,2
20-Sep-17,Indiana,Gary,0,5
17-Sep-17,Michigan,Detroit,1,3
17-Sep-17,Virginia,Petersburg,1,4
16-Sep-17,South Carolina,Columbia,0,8
15-Sep-17,Illinois,Chicago,4,0
13-Sep-17,Tennessee,Memphis,1,5
13-Sep-17,Washington,Rockford,1,3
13-Sep-17,Pennsylvania,York,0,4
13-Sep-17,Pennsylvania,Philadelphia,0,4
10-Sep-17,Texas,Plano,9,1
10-Sep-17,Louisiana,New Orleans,1,3
9-Sep-17,Alabama,Selma,0,4
6-Sep-17,Illinois,Chicago,0,4
4-Sep-17,Illinois,Bellwood,0,4
3-Sep-17,California,Inglewood,2,3
2-Sep-17,Kentucky,Louisville,0,4
2-Sep-17,Illinois,Chicago,1,3
28-Aug-17,New Mexico,Clovis,2,4
27-Aug-17,California,Sacramento,1,4
27-Aug-17,Indiana,Evansville,1,3
25-Aug-17,Florida,Gainesville,0,4
24-Aug-17,Missouri,Saint Louis,4,0
22-Aug-17,Illinois,Chicago,0,4
21-Aug-17,New Jersey,Newark,0,4
21-Aug-17,New Jersey,Newark,1,3
21-Aug-17,North Carolina,Whitakers,4,0
21-Aug-17,Maryland,Baltimore,1,3
21-Aug-17,Tennessee,Memphis,0,4
20-Aug-17,New York,Brooklyn,0,4
20-Aug-17,Illinois,Chicago,2,5
19-Aug-17,Ohio,Cleveland,1,4
16-Aug-17,New York,Wyandanch,0,4
14-Aug-17,California,North Hollywood,2,2
13-Aug-17,Pennsylvania,Philadelphia,0,5
13-Aug-17,California,Sacramento,0,4
13-Aug-17,Virginia,Suffolk,0,4
12-Aug-17,Missouri,Saint Louis,1,3
8-Aug-17,Illinois,Chicago,1,6
6-Aug-17,New York,Bronx,0,6
6-Aug-17,New York,Bronx,0,4
6-Aug-17,California,Oakland,0,7
5-Aug-17,New Jersey,Lakewood,0,4
5-Aug-17,South Carolina,Allendale,1,3
5-Aug-17,Florida,Tallahassee,1,3
4-Aug-17,Montana,Lodge Grass,3,2
3-Aug-17,District of Columbia,Washington,1,3
2-Aug-17,Maryland,Baltimore,0,4
1-Aug-17,Illinois,Chicago,0,4
1-Aug-17,Washington,Toppenish,0,6
1-Aug-17,California,Fresno,0,7
31-Jul-17,Illinois,Decatur,0,4
30-Jul-17,Texas,El Paso,1,3
30-Jul-17,Virginia,Norfolk,1,5
29-Jul-17,New York,Buffalo,1,4
29-Jul-17,North Carolina,Salisbury,2,3
28-Jul-17,Delaware,Wilmington,0,4
27-Jul-17,Illinois,Chicago,1,4
26-Jul-17,North Carolina,High Point,1,6
25-Jul-17,Florida,Jacksonville,1,3
23-Jul-17,Illinois,Chicago,1,3
23-Jul-17,Louisiana,Baton Rouge,0,4
22-Jul-17,Ohio,Cincinnati,0,5
19-Jul-17,Virginia,Richmond,0,5
19-Jul-17,California,Los Angeles,1,3
18-Jul-17,Wisconsin,Milwaukee,0,4
18-Jul-17,New Jersey,Trenton,1,3
18-Jul-17,Arizona,El Mirage,0,4
15-Jul-17,Pennsylvania,Philadelphia,1,3
15-Jul-17,Illinois,Chicago,0,4
9-Jul-17,Virginia,Lawrenceville,0,7
8-Jul-17,Illinois,Alton,0,4
8-Jul-17,Ohio,Cincinnati,1,8
6-Jul-17,Mississippi,Meridian,0,4
5-Jul-17,Georgia,Savannah,0,4
5-Jul-17,Illinois,Chicago (Roseland),2,2
5-Jul-17,Maine,Madison,4,1
4-Jul-17,Florida,Orlando (Pine Castle),0,4
4-Jul-17,Virginia,Hampton,1,4
4-Jul-17,North Carolina,Raleigh,1,3
3-Jul-17,Alabama,Prattville,3,1
3-Jul-17,Michigan,Pontiac,1,3
2-Jul-17,New Jersey,Jersey City,0,4
2-Jul-17,South Carolina,Greenwood,0,4
1-Jul-17,Arkansas,Little Rock,0,25
1-Jul-17,Illinois,Momence,0,4
1-Jul-17,New Jersey,Newark,2,2
1-Jul-17,California,Oakland,0,4
30-Jun-17,New York,Bronx,2,6
27-Jun-17,Illinois,Chicago,0,5
25-Jun-17,District of Columbia,Washington,0,4
25-Jun-17,Missouri,Saint Louis,1,3
24-Jun-17,Florida,Fort Lauderdale,1,4
24-Jun-17,New York,New York (Manhattan),0,5
24-Jun-17,New Jersey,Willingboro,0,4
22-Jun-17,Georgia,Atlanta,1,6
18-Jun-17,Missouri,Saint Louis,3,2
18-Jun-17,District of Columbia,Washington,0,4
18-Jun-17,Illinois,Chicago,0,4
18-Jun-17,South Carolina,Myrtle Beach,0,7
17-Jun-17,Illinois,Chicago,0,4
17-Jun-17,Ohio,Columbus,1,4
15-Jun-17,Virginia,Richmond,1,3
15-Jun-17,New Mexico,La Madera,5,0
14-Jun-17,Virginia,Alexandria,1,5
14-Jun-17,Ohio,Canton,0,4
14-Jun-17,California,San Francisco,4,2
13-Jun-17,Maryland,Baltimore,0,4
13-Jun-17,Maryland,Baltimore,2,2
13-Jun-17,Missouri,Saint Louis (University City),0,4
11-Jun-17,Illinois,Chicago,0,9
11-Jun-17,Tennessee,Chattanooga,0,4
11-Jun-17,Texas,Houston,0,4
10-Jun-17,Tennessee,Memphis,0,4
9-Jun-17,Texas,Fort Worth,2,5
8-Jun-17,Louisiana,New Orleans,0,6
6-Jun-17,Utah,Sandy,3,2
5-Jun-17,Florida,Orlando,6,0
3-Jun-17,Missouri,Saint Louis,2,2
3-Jun-17,Louisiana,New Orleans,3,2
2-Jun-17,California,Los Angeles,1,3
2-Jun-17,Texas,Laredo,2,3
1-Jun-17,Missouri,Saint Louis,3,1
30-May-17,Ohio,Middletown,1,3
29-May-17,Kentucky,Louisville,1,3
28-May-17,Alabama,Phenix City,0,12
28-May-17,New Jersey,Paterson,1,5
28-May-17,Mississippi,Moss Point,0,5
27-May-17,New York,New York (Manhattan),0,4
27-May-17,Mississippi,Bogue Chitto,8,1
27-May-17,District of Columbia,Washington,1,7
26-May-17,Florida,Miami,0,4
21-May-17,Iowa,Des Moines,1,3
21-May-17,Arizona,Mesa,0,4
20-May-17,Pennsylvania,Philadelphia,0,10
16-May-17,South Carolina,Ruffin,3,1
14-May-17,Arkansas,Jonesboro,1,6
14-May-17,Illinois,Dolton,0,5
14-May-17,Florida,Avon Park,0,5
14-May-17,Texas,Fort Worth,0,4
10-May-17,New Jersey,Trenton,1,3
9-May-17,Kansas,Kansas City,3,1
7-May-17,Illinois,Chicago,2,8
4-May-17,Michigan,Flint,1,3
2-May-17,Florida,Jacksonville,1,3
1-May-17,Texas,Dallas,2,3
30-Apr-17,California,San Diego,2,6
30-Apr-17,Kansas,Topeka,4,1
30-Apr-17,Florida,Jacksonville,0,5
30-Apr-17,South Carolina,Loris,1,5
29-Apr-17,California,Los Angeles (Boyle Heights),1,3
29-Apr-17,California,Sacramento,0,5
29-Apr-17,California,Whittier,1,5
29-Apr-17,Maryland,Germantown,1,3
29-Apr-17,California,Compton,0,4
29-Apr-17,Virginia,Virginia Beach,0,4
28-Apr-17,Pennsylvania,Chester,0,4
27-Apr-17,New Jersey,Newark,1,3
26-Apr-17,Florida,Miami,0,4
21-Apr-17,Florida,Palm Bay,2,2
20-Apr-17,Kentucky,Louisville,0,4
16-Apr-17,California,Vallejo,0,4
16-Apr-17,North Carolina,Elizabeth City,0,4
16-Apr-17,Ohio,Columbus,0,9
15-Apr-17,Illinois,Rock Falls,0,4
15-Apr-17,Pennsylvania,Philadelphia,0,4
15-Apr-17,Indiana,Indianapolis,0,4
15-Apr-17,Alabama,Birmingham,0,6
15-Apr-17,Illinois,Harvey,0,4
15-Apr-17,California,Banning,0,4
13-Apr-17,Georgia,Atlanta,1,3
9-Apr-17,Texas,San Antonio,1,3
9-Apr-17,Indiana,Fort Wayne,1,3
7-Apr-17,North Carolina,Hickory,3,1
7-Apr-17,Texas,Houston,5,0
7-Apr-17,Minnesota,Saint Paul,4,1
7-Apr-17,Illinois,Chicago,1,5
6-Apr-17,Louisiana,Lake Charles,1,3
3-Apr-17,Pennsylvania,Philadelphia,3,1
3-Apr-17,Texas,Lubbock,0,7
2-Apr-17,Illinois,Chicago,2,4
2-Apr-17,Iowa,Des Moines,0,5
1-Apr-17,California,Pittsburg,0,5
1-Apr-17,Florida,Tampa,1,4
1-Apr-17,Oklahoma,Oklahoma City,2,3
30-Mar-17,Illinois,Chicago,4,0
27-Mar-17,Florida,Sanford,2,4
26-Mar-17,Ohio,Cleveland,2,2
26-Mar-17,Texas,Houston,2,4
26-Mar-17,Ohio,Cincinnati,2,15
25-Mar-17,Tennessee,Knoxville,1,4
25-Mar-17,Michigan,Detroit,1,3
25-Mar-17,Ohio,Cleveland,2,2
24-Mar-17,California,Fresno,1,4
24-Mar-17,Missouri,Saint Louis,1,6
22-Mar-17,Wisconsin,Rothschild,5,0
19-Mar-17,Kentucky,Louisville,1,5
18-Mar-17,Michigan,Detroit,3,2
15-Mar-17,Louisiana,Metairie,3,1
10-Mar-17,Illinois,Chicago,2,2
10-Mar-17,Louisiana,New Orleans (Gentilly),3,1
7-Mar-17,Illinois,Chicago,0,4
5-Mar-17,Georgia,Columbus,0,4
4-Mar-17,Kansas,Topeka,1,4
4-Mar-17,California,Sacramento,0,4
3-Mar-17,Pennsylvania,Philadelphia,0,4
3-Mar-17,California,Riverside,0,5
28-Feb-17,Ohio,Cincinnati,0,6
27-Feb-17,Virginia,Newport News,0,4
26-Feb-17,Indiana,Gary,1,4
25-Feb-17,Ohio,Warren,2,3
25-Feb-17,Florida,Jacksonville,1,4
22-Feb-17,New York,Rochester,0,4
21-Feb-17,Ohio,Cleveland,0,4
21-Feb-17,Mississippi,Toomsuba,4,0
20-Feb-17,Ohio,Cleveland,0,5
19-Feb-17,Virginia,Norfolk,1,3
18-Feb-17,Pennsylvania,Philadelphia,0,4
18-Feb-17,Indiana,South Bend,1,3
15-Feb-17,California,Salinas,0,4
15-Feb-17,Illinois,Chicago,3,2
12-Feb-17,Missouri,Caruthersville,1,6
12-Feb-17,New York,Newburgh,1,3
12-Feb-17,Florida,Greenville,0,5
11-Feb-17,Illinois,Chicago,1,3
11-Feb-17,Tennessee,Savannah,0,4
10-Feb-17,Louisiana,New Orleans,1,5
9-Feb-17,Mississippi,Jackson,4,0
8-Feb-17,Ohio,Cleveland,1,4
7-Feb-17,South Carolina,Columbia,0,4
7-Feb-17,Arkansas,Little Rock,1,4
6-Feb-17,Mississippi,Yazoo City,4,0
31-Jan-17,Tennessee,Memphis,0,4
31-Jan-17,District of Columbia,Washington,0,4
30-Jan-17,Minnesota,Minneapolis (Crystal),0,4
29-Jan-17,Louisiana,Shreveport,1,4
27-Jan-17,Washington,Bremerton,4,0
27-Jan-17,Tennessee,Brownsville,0,10
26-Jan-17,Georgia,Albany,2,3
25-Jan-17,Illinois,Chicago,0,6
22-Jan-17,Texas,Manvel,3,2
22-Jan-17,Illinois,Chicago (Englewood),0,4
22-Jan-17,Georgia,Atlanta,3,1
21-Jan-17,Georgia,Jonesboro,0,6
21-Jan-17,Florida,Boynton Beach,0,5
21-Jan-17,Tennessee,Memphis,2,2
20-Jan-17,Mississippi,Como,1,4
20-Jan-17,California,Fresno,0,4
16-Jan-17,Texas,Houston,0,4
16-Jan-17,Florida,Miami,0,8
15-Jan-17,Colorado,Capulin,3,1
15-Jan-17,Mississippi,Magnolia,1,4
12-Jan-17,Missouri,Kansas City,3,2
12-Jan-17,California,Salinas,2,2
11-Jan-17,New Jersey,Newark,1,3
11-Jan-17,Illinois,Chicago,1,3
7-Jan-17,Michigan,Flint,1,3
6-Jan-17,California,Pasadena,2,2
6-Jan-17,Florida,Fort Lauderdale,5,6
4-Jan-17,California,Fontana,3,1
3-Jan-17,Texas,Allen,0,4
1-Jan-17,Mississippi,Winstonville,0,5
1-Jan-17,Texas,Dallas,1,3
1-Jan-17,Florida,Miami,0,7
31-Dec-18,Ohio,Cleveland,3,2
29-Dec-18,Ohio,Lima,1,3
28-Dec-18,Missouri,Saint Charles,4,1
24-Dec-18,Louisiana,Lutcher,2,2
23-Dec-18,Missouri,Springfield,1,6
22-Dec-18,Nevada,Las Vegas,0,4
18-Dec-18,Maryland,Baltimore,0,5
15-Dec-18,Florida,Miami,0,5
14-Dec-18,Colorado,Colorado Springs,1,3
13-Dec-18,Pennsylvania,Philadelphia,0,4
11-Dec-18,Louisiana,Natchitoches,1,3
9-Dec-18,Wisconsin,Madison,0,4
8-Dec-18,California,Inglewood,0,5
8-Dec-18,New York,Corona (Queens),0,5
1-Dec-18,Florida,Miami,0,5
26-Nov-18,Tennessee,Powell,0,4
25-Nov-18,Alabama,Demopolis,2,2
25-Nov-18,California,Oakland,0,4
25-Nov-18,Texas,Houston,1,3
23-Nov-18,Florida,Miami,2,5
22-Nov-18,Indiana,Fort Wayne,3,2
21-Nov-18,Missouri,Saint Louis,0,4
19-Nov-18,Colorado,Denver,1,4
19-Nov-18,Pennsylvania,Philadelphia,4,0
18-Nov-18,California,Los Angeles (Watts),1,4
16-Nov-18,Arkansas,Little Rock,3,1
14-Nov-18,Louisiana,Baton Rouge,3,1
13-Nov-18,New Mexico,Gallup,4,1
12-Nov-18,North Carolina,Dunn,3,1
11-Nov-18,Arizona,Globe,3,1
7-Nov-18,California,Thousand Oaks,13,2
3-Nov-18,New York,Watertown,0,5
2-Nov-18,California,Long Beach (North Long Beach),0,4
2-Nov-18,Florida,Tallahassee,3,4
1-Nov-18,Minnesota,Minneapolis,0,5
1-Nov-18,Missouri,Springfield,3,2
31-Oct-18,Michigan,Detroit,1,3
30-Oct-18,California,Vallejo,2,3
30-Oct-18,California,Los Angeles,0,5
29-Oct-18,California,Riverside,0,7
28-Oct-18,Arkansas,El Dorado,2,2
27-Oct-18,Tennessee,Memphis,0,5
27-Oct-18,Pennsylvania,Pittsburgh,11,7
26-Oct-18,New Jersey,Jersey City,1,3
24-Oct-18,Illinois,Chicago,0,5
22-Oct-18,Illinois,Chicago,0,6
21-Oct-18,Florida,Jacksonville,1,5
21-Oct-18,Washington,Lakewood,1,3
16-Oct-18,Georgia,Atlanta,0,4
15-Oct-18,Tennessee,Columbia,5,0
14-Oct-18,Texas,Fort Worth,0,4
14-Oct-18,Nevada,Las Vegas,3,1
14-Oct-18,California,Palo Alto (East Palo Alto),2,2
13-Oct-18,Texas,Taft,4,1
13-Oct-18,Missouri,Saint Louis,0,4
12-Oct-18,South Carolina,Spartanburg,0,6
12-Oct-18,Nevada,Las Vegas,0,4
8-Oct-18,Alabama,Birmingham,0,4
6-Oct-18,Oklahoma,Tulsa,0,4
6-Oct-18,Texas,Houston,1,3
6-Oct-18,California,Oakland,0,6
4-Oct-18,Georgia,Swainsboro,0,4
4-Oct-18,New Mexico,Espanola (Española),1,3
3-Oct-18,South Carolina,Florence,2,6
3-Oct-18,Pennsylvania,Philadelphia,1,4
1-Oct-18,Illinois,Chicago,2,2
30-Sep-18,California,Compton,1,3
29-Sep-18,Florida,Orlando,1,4
28-Sep-18,Pennsylvania,Philadelphia,2,2
24-Sep-18,Tennessee,Memphis,3,2
23-Sep-18,California,Bakersfield,1,4
23-Sep-18,California,Baldwin Park,0,4
22-Sep-18,New York,Hempstead,0,4
21-Sep-18,District of Columbia,Washington,0,4
20-Sep-18,Maryland,Aberdeen,4,3
20-Sep-18,New York,Syracuse,0,5
19-Sep-18,Wisconsin,Middleton,1,4
19-Sep-18,Illinois,Chicago,0,4
19-Sep-18,Pennsylvania,Masontown,1,4
18-Sep-18,Louisiana,New Orleans (Algiers),0,4
18-Sep-18,Tennessee,Memphis,0,4
17-Sep-18,Maryland,Silver Spring,4,1
15-Sep-18,Wisconsin,Milwaukee,0,4
12-Sep-18,California,Bakersfield,6,0
11-Sep-18,Illinois,Chicago,0,4
10-Sep-18,Tennessee,Memphis,0,5
9-Sep-18,Illinois,Elgin,1,3
9-Sep-18,Alabama,Auburn,1,4
9-Sep-18,Florida,Jacksonville,0,4
7-Sep-18,Minnesota,Minneapolis,1,3
6-Sep-18,Ohio,Cincinnati,4,2
4-Sep-18,Georgia,Albany,0,4
2-Sep-18,Texas,San Antonio,0,4
2-Sep-18,New Jersey,Paterson,2,2
2-Sep-18,Alabama,Birmingham,0,7
2-Sep-18,Arkansas,Fort Smith,0,4
2-Sep-18,California,San Bernardino,0,8
2-Sep-18,New Jersey,Trenton,0,4
1-Sep-18,Florida,Fort Lauderdale (Lauderhill),1,3
1-Sep-18,Ohio,Cleveland,1,7
31-Aug-18,Colorado,Aurora,2,3
27-Aug-18,Arkansas,Pine Bluff,1,3
26-Aug-18,Florida,Jacksonville,3,9
25-Aug-18,Virginia,Richmond,0,5
25-Aug-18,Tennessee,Nashville,1,4
23-Aug-18,Pennsylvania,Philadelphia,0,4
23-Aug-18,Maryland,Baltimore,0,4
22-Aug-18,Missouri,Saint Louis,0,4
21-Aug-18,Tennessee,Memphis,0,4
20-Aug-18,Tennessee,Jackson,1,4
20-Aug-18,Ohio,Cleveland,1,3
19-Aug-18,Illinois,Chicago,0,5
18-Aug-18,New York,Bronx,0,4
17-Aug-18,Illinois,Chicago,0,7
15-Aug-18,South Carolina,Greenwood,0,5
14-Aug-18,Pennsylvania,Wyncote,0,5
12-Aug-18,California,Clearlake,4,1
12-Aug-18,Pennsylvania,Pittsburgh (East Liberty),0,4
11-Aug-18,California,San Francisco,1,4
11-Aug-18,Colorado,Thornton,1,3
11-Aug-18,Ohio,Columbus,0,4
10-Aug-18,Missouri,Saint Louis,0,4
10-Aug-18,Michigan,Detroit,0,4
8-Aug-18,New Jersey,Paterson,0,4
8-Aug-18,Pennsylvania,Philadelphia,2,4
5-Aug-18,Illinois,Chicago,1,4
5-Aug-18,Illinois,Chicago,1,5
5-Aug-18,Illinois,Chicago,0,8
5-Aug-18,Illinois,Chicago,0,4
5-Aug-18,Illinois,Chicago,0,4
4-Aug-18,Nevada,Las Vegas,0,6
4-Aug-18,Missouri,Kansas City,0,6
4-Aug-18,Illinois,Chicago,1,3
4-Aug-18,Wisconsin,Milwaukee,0,4
31-Jul-18,California,Gardena,2,3
30-Jul-18,Georgia,Savannah,0,4
30-Jul-18,Illinois,Chicago,0,4
29-Jul-18,Pennsylvania,York,0,4
29-Jul-18,Arizona,Phoenix,1,4
29-Jul-18,Michigan,Lansing,0,4
28-Jul-18,Louisiana,New Orleans,3,7
28-Jul-18,California,Los Angeles,2,4
27-Jul-18,Texas,Robstown,5,0
27-Jul-18,Illinois,Chicago,0,4
26-Jul-18,Ohio,Cleveland,1,6
26-Jul-18,California,Oakland,2,2
26-Jul-18,Texas,Dallas,0,6
25-Jul-18,Louisiana,New Orleans,0,4
23-Jul-18,Illinois,Chicago,0,5
21-Jul-18,Maryland,Baltimore,0,4
21-Jul-18,Illinois,Chicago,2,5
20-Jul-18,Washington,Sunnyside,1,4
20-Jul-18,New Jersey,Elizabeth,0,4
18-Jul-18,Oklahoma,Oklahoma City,0,4
16-Jul-18,Florida,Palm Beach Gardens (Riviera Beach),2,4
16-Jul-18,District of Columbia,Washington,1,4
16-Jul-18,Pennsylvania,Philadelphia,1,4
15-Jul-18,Colorado,Denver,0,4
15-Jul-18,Tennessee,Chattanooga,0,5
14-Jul-18,Maryland,Fort Washington,0,4
13-Jul-18,Virginia,Richmond,1,3
12-Jul-18,Tennessee,Memphis,0,5
11-Jul-18,Texas,Houston,0,4
11-Jul-18,Florida,Reddick,0,4
9-Jul-18,Florida,Orlando,1,4
9-Jul-18,Delaware,Wilmington,5,0
8-Jul-18,Alabama,Brandon,0,6
8-Jul-18,Tennessee,Memphis,0,4
7-Jul-18,Alabama,Wetumpka,3,2
5-Jul-18,New York,Brooklyn,0,4
5-Jul-18,New York,Albany,0,4
5-Jul-18,California,Los Angeles,3,3
5-Jul-18,Virginia,Virginia Beach,0,6
5-Jul-18,Ohio,Lima,1,5
4-Jul-18,Georgia,Atlanta,1,3
3-Jul-18,Missouri,Saint Louis,1,5
3-Jul-18,District of Columbia,Washington,0,4
2-Jul-18,New York,Buffalo,2,2
1-Jul-18,Illinois,Chicago,0,6
30-Jun-18,Maryland,Baltimore,0,6
30-Jun-18,Georgia,Ashburn,1,6
30-Jun-18,New Jersey,Jersey City,0,5
28-Jun-18,Maryland,Annapolis,5,0
27-Jun-18,California,Oakland,1,3
27-Jun-18,Texas,San Antonio,0,4
27-Jun-18,Connecticut,Hartford,0,4
25-Jun-18,Illinois,Chicago,0,6
24-Jun-18,North Carolina,Sanford,1,6
24-Jun-18,Florida,Punta Gorda,0,4
24-Jun-18,Florida,Indiantown,0,4
24-Jun-18,Florida,Palm Beach Gardens (Riviera Beach),1,3
24-Jun-18,Indiana,Gary,1,3
24-Jun-18,Ohio,Sandusky,0,5
23-Jun-18,Kansas,Wichita,0,4
23-Jun-18,Illinois,Chicago,1,4
23-Jun-18,Tennessee,Covington,0,4
22-Jun-18,Pennsylvania,Homestead (Munhall),1,3
21-Jun-18,California,San Bernardino,1,3
21-Jun-18,Louisiana,Morganza,0,4
21-Jun-18,Illinois,Chicago,0,4
20-Jun-18,California,Modesto,0,5
19-Jun-18,Alabama,Huntsville,0,4
18-Jun-18,Illinois,Bloomington,3,1
18-Jun-18,Illinois,Chicago,2,3
17-Jun-18,North Carolina,Charlotte,0,4
17-Jun-18,New Jersey,Trenton,1,19
17-Jun-18,Georgia,Macon,1,3
17-Jun-18,Illinois,Chicago,0,4
14-Jun-18,California,Union City,0,5
14-Jun-18,New York,Buffalo,1,4
14-Jun-18,California,Tracy,1,4
14-Jun-18,Colorado,Westminster,1,3
14-Jun-18,Pennsylvania,Philadelphia,0,4
12-Jun-18,New York,Bronx,0,4
11-Jun-18,Alabama,Montgomery,0,4
11-Jun-18,Florida,Orlando,6,0
10-Jun-18,California,Valley Village,0,6
10-Jun-18,Indiana,Indianapolis (Lawrence),1,4
10-Jun-18,Illinois,Aurora,0,7
10-Jun-18,Florida,Bradenton,1,5
10-Jun-18,Illinois,Chicago,1,5
10-Jun-18,Illinois,Bloomington,2,2
9-Jun-18,North Carolina,Kannapolis,0,4
9-Jun-18,Massachusetts,Boston,0,4
9-Jun-18,Pennsylvania,Philadelphia,1,4
5-Jun-18,Florida,Jacksonville,3,1
3-Jun-18,Texas,Dallas,0,5
3-Jun-18,Illinois,Chicago,1,3
2-Jun-18,Nebraska,Omaha,1,6
2-Jun-18,New York,Buffalo,0,5
31-May-18,South Carolina,Timmonsville,3,2
27-May-18,Louisiana,Shreveport,0,4
27-May-18,Colorado,Aurora,1,3
25-May-18,Ohio,Cincinnati,0,4
20-May-18,Indiana,Anderson,0,4
20-May-18,Mississippi,Hazlehurst,1,7
18-May-18,Texas,Santa Fe,10,13
16-May-18,Texas,Ponder,5,1
14-May-18,Maryland,Baltimore,0,4
13-May-18,California,Los Angeles,2,2
13-May-18,California,Stockton,3,2
13-May-18,Mississippi,Byhalia,0,4
12-May-18,Nebraska,Omaha,0,6
12-May-18,New Jersey,Paulsboro,0,4
11-May-18,Missouri,Saint Louis,0,4
11-May-18,Oklahoma,Talihina,1,4
9-May-18,Missouri,Saint Louis,0,4
9-May-18,Nebraska,Omaha,0,4
7-May-18,California,San Diego,0,5
6-May-18,Oklahoma,Stillwater,0,4
6-May-18,Tennessee,Memphis,2,4
5-May-18,Georgia,Columbus,0,5
4-May-18,North Carolina,Henderson,0,4
4-May-18,Illinois,Chicago Heights,0,4
2-May-18,Illinois,Chicago,1,4
2-May-18,Minnesota,Minneapolis,0,5
2-May-18,New York,Brooklyn,1,4
1-May-18,Louisiana,New Orleans,0,5
30-Apr-18,Florida,Pompano Beach,0,4
30-Apr-18,District of Columbia,Washington,0,4
29-Apr-18,Tennessee,Wartburg,0,4
29-Apr-18,Washington,Seattle (Skyway),2,2
29-Apr-18,North Carolina,Monroe,1,3
29-Apr-18,Florida,West Palm Beach,1,3
28-Apr-18,North Carolina,Maxton,0,5
25-Apr-18,Arkansas,Pine Bluff,0,4
25-Apr-18,Missouri,Saint Louis,3,1
24-Apr-18,Michigan,Flint,0,4
22-Apr-18,Tennessee,Antioch,4,3
22-Apr-18,Louisiana,New Orleans,2,4
21-Apr-18,Pennsylvania,Philadelphia,2,2
20-Apr-18,California,San Francisco,1,5
18-Apr-18,North Carolina,Asheville,4,3
15-Apr-18,Louisiana,Shreveport,0,6
9-Apr-18,California,Vallejo,0,4
8-Apr-18,North Carolina,Hickory,1,3
8-Apr-18,Florida,Miami,2,2
6-Apr-18,Florida,Jacksonville,0,4
6-Apr-18,Virginia,Virginia Beach,1,3
4-Apr-18,Louisiana,New Orleans,2,2
2-Apr-18,Texas,Houston,1,3
1-Apr-18,Michigan,Saginaw,0,5
1-Apr-18,Alabama,Mobile,1,4
31-Mar-18,New Jersey,Asbury Park,0,5
29-Mar-18,Texas,Plano,1,3
29-Mar-18,New Jersey,Camden,0,4
24-Mar-18,Utah,Salt Lake City (West Valley City),0,4
21-Mar-18,California,San Francisco,1,5
17-Mar-18,Kentucky,Louisville,0,7
17-Mar-18,Illinois,Harvey,0,4
13-Mar-18,Florida,Macclenny,0,4
12-Mar-18,California,Modesto,0,4
11-Mar-18,Indiana,South Bend,0,6
11-Mar-18,Illinois,Champaign,1,3
11-Mar-18,Michigan,Saginaw,1,4
9-Mar-18,North Carolina,Wadesboro,3,1
7-Mar-18,Alabama,Hurtsboro,2,2
4-Mar-18,Illinois,Rockford,1,4
3-Mar-18,New York,Brooklyn,1,3
3-Mar-18,Florida,Miami,0,4
27-Feb-18,Connecticut,Bridgeport,0,4
26-Feb-18,Michigan,Detroit,5,0
23-Feb-18,Florida,Palm Beach Gardens (Riviera Beach),1,3
18-Feb-18,Texas,San Antonio,0,5
17-Feb-18,Kansas,Kansas City,1,7
17-Feb-18,Tennessee,Memphis,0,5
16-Feb-18,Oklahoma,Oklahoma City,1,3
14-Feb-18,Florida,Pompano Beach (Parkland),17,17
13-Feb-18,Louisiana,New Orleans,2,3
11-Feb-18,Michigan,Detroit,4,3
10-Feb-18,Kentucky,Paintsville,5,0
7-Feb-18,Florida,Lake Worth (Lantana),3,3
5-Feb-18,Colorado,Colorado Springs,2,4
3-Feb-18,Ohio,Cleveland (Garfield Heights),1,5
31-Jan-18,Missouri,Saint Louis,0,4
28-Jan-18,Pennsylvania,Melcroft,5,0
28-Jan-18,Indiana,Indianapolis,2,3
28-Jan-18,Pennsylvania,Reading,4,0
27-Jan-18,Kentucky,Bowling Green,0,4
27-Jan-18,California,Los Angeles,0,5
25-Jan-18,District of Columbia,Washington,0,4
23-Jan-18,Kentucky,Benton,2,14
23-Jan-18,Pennsylvania,Philadelphia,0,4
21-Jan-18,Florida,Orlando,0,4
21-Jan-18,Illinois,Chicago,0,4
17-Jan-18,District of Columbia,Washington,1,3
15-Jan-18,Florida,Alachua,0,5
14-Jan-18,Alabama,Eutaw,1,4
14-Jan-18,Alabama,Madison,0,4
12-Jan-18,Tennessee,Nashville,3,2
11-Jan-18,Missouri,Saint Robert (St Robert),2,2
7-Jan-18,Alabama,Union Springs,1,5
7-Jan-18,Florida,Plantation,0,4
5-Jan-18,Mississippi,Hattiesburg,0,6
4-Jan-18,Arkansas,Brinkley,1,3
1-Jan-18,Alabama,Huntsville,1,3
